<!--
**  Milspec PDA
**  Author: Catspaw (CatspawMods @ ModDB)
**  Source: https://www.moddb.com/members/catspawmods/addons
**  Version: 1.0
**  Updated: 20230506
	Compatibility patch for GAMMA and Ishmaeel's Kill Tracker
-->
	<enemy_location hint="enemy" no_offline="1">
		<mini_map  spot="enemy_mini_spot"/>
	</enemy_location>

	<neutral_location hint="neutral">
		<mini_map  spot="neutral_mini_spot"/>
	</neutral_location>

	<friend_location hint="friend">
		<mini_map  spot="friend_mini_spot"/>
	</friend_location>

	<deadbody_location hint="disable_hint">
		<level_map spot="deadbody_pda_spot"/>
		<mini_map  spot="deadbody_mini_spot"/>
	</deadbody_location>

<!-- Resolving any conflict is easy. The sole thing that Milspec PDA cares about is the line below. Copy it into your file and you're done.-->
	<enemy_mini_spot width="7" height="7" stretch="1" alignment="c" >
<!-- This line right above here ^^^^ -->
		<texture r="255" g="0" b="0">ui_mmap_common_actor</texture>
	</enemy_mini_spot>

	<neutral_mini_spot width="7" height="7" stretch="1" alignment="c">
		<texture r="255" g="200" b="0">ui_mmap_common_actor</texture>
	</neutral_mini_spot>

	<friend_mini_spot width="7" height="7" stretch="1" alignment="c">
		<texture r="50" g="255" b="0">ui_mmap_common_actor</texture>
	</friend_mini_spot>

	<deadbody_mini_spot width="7" height="7" stretch="1" alignment="c">
		<texture r="50" g="195" b="255">ui_mmap_common_actor</texture>
	</deadbody_mini_spot>

	<deadbody_pda_spot width="7" height="7" stretch="1" alignment="c" location_level="5">
		<texture r="50" g="195" b="255">ui_mmap_common_actor</texture>
	</deadbody_pda_spot>
