<!-- ====================================================================
	Interaction Dot Marks
    Author: Catspaw
    Updated: 20250316
    Permission granted to freely translate this file into any language.
===================================================================== -->
<?xml version="1.0" encoding="windows-1251"?>
<string_table>
	<string id="st_paw_unknown">
		<text>Unknown</text>
	</string>

	<string id="st_unknown_contents">
		<text>contents unknown</text>
	</string>

	<string id="st_alti_unload_weapon">
		<text>Unload</text>
	</string>

	<string id="st_alti_eject_mag">
		<text>Eject mag of</text>
	</string>

	<string id="st_alti_take">
		<text>Take</text>
	</string>

	<string id="st_alti_use_booster">
		<text>Use</text>
	</string>

	<string id="st_alti_smokeout">
		<text>Smoke</text>
	</string>

	<string id="st_alti_takeuse">
		<text>Take and use</text>
	</string>

	<string id="st_alti_cannot">
		<text>Can't</text>
	</string>

	<string id="st_alti_read">
		<text>Take and read</text>
	</string>

	<string id="st_alti_search">
		<text>Search</text>
	</string>

	<string id="st_alti_consume_food">
		<text>Consume</text>
	</string>

	<string id="st_alti_speak">
		<text>Speak with</text>
	</string>

	<string id="st_alti_pickup_bp">
		<text>Pick up your stash and everything in it</text>
	</string>

	<string id="st_alti_deploy_bp">
		<text>Place stash using</text>
	</string>

	<string id="st_alti_takeall">
		<text>Take everything from</text>
	</string>

	<string id="st_alti_empty">
		<text>(empty)</text>
	</string>

	<string id="st_alti_from">
		<text>from</text>
	</string>

	<string id="st_alti_now">
		<text>now</text>
	</string>

	<string id="st_alti_uses">
		<text>uses</text>
	</string>

	<string id="st_alti_nopower">
		<text>no power</text>
	</string>

	<string id="st_alti_hold">
		<text>(Hold) </text>
	</string>

	<string id="st_alti_busy">
		<text>Too busy to </text>
	</string>

	<string id="st_alti_doubletap">
		<text>(Double-tap) </text>
	</string>

	<string id="st_alti_prompt_ammo">
		<text>%s %s (%s) %s %s</text>
	</string>

	<string id="st_alti_prompt_usable">
		<text>%s %s %s</text>
	</string>

	<string id="st_alti_prompt_booster">
		<text>%s %s %s</text>
	</string>
	
	<string id="st_body_is_claimed">
		<text>Claimed</text>
	</string>

	<string id="ui_mcm_dotmarks_dmarkobjs_scan_bodies">
		<text>Mark Bodies</text>
	</string>
	<string id="ui_mcm_dotmarks_dmarkobjs_scan_ammo">
		<text>Mark Ammo</text>
	</string>
	<string id="ui_mcm_dotmarks_dmarkobjs_scan_stashes">
		<text>Mark Stashes</text>
	</string>
	<string id="ui_mcm_dotmarks_dmarkobjs_scan_weapons">
		<text>Mark Weapons</text>
	</string>
	<string id="ui_mcm_dotmarks_dmarkobjs_scan_attachments">
		<text>Mark Attachments</text>
	</string>
	<string id="ui_mcm_dotmarks_dmarkobjs_scan_grenades">
		<text>Mark Grenades</text>
	</string>
	<string id="ui_mcm_dotmarks_dmarkobjs_scan_explosive">
		<text>Mark Explosive Objects</text>
	</string>
	<string id="ui_mcm_dotmarks_dmarkobjs_scan_outfits">
		<text>Mark Outfits</text>
	</string>
	<string id="ui_mcm_dotmarks_dmarkobjs_scan_headgear">
		<text>Mark Headgear</text>
	</string>
	<string id="ui_mcm_dotmarks_dmarkobjs_scan_artefacts">
		<text>Mark Artefacts</text>
	</string>
	<string id="ui_mcm_dotmarks_dmarkobjs_scan_consumables">
		<text>Mark Consumables</text>
	</string>
	<string id="ui_mcm_dotmarks_dmarkobjs_scan_tools">
		<text>Mark Tools</text>
	</string>
	<string id="ui_mcm_dotmarks_dmarkobjs_scan_devices">
		<text>Mark Devices</text>
	</string>
	<string id="ui_mcm_dotmarks_dmarkobjs_scan_quest">
		<text>Mark Quest Items</text>
	</string>
	<string id="ui_mcm_dotmarks_dmarkobjs_scan_campfires">
		<text>Mark Campfires</text>
	</string>
	<string id="ui_mcm_dotmarks_dmarkobjs_scan_misc">
		<text>Mark Misc Loot</text>
	</string>
	<string id="ui_mcm_dotmarks_dmarkobjs_scan_boxes">
		<text>Mark Breakable Boxes</text>
	</string>
	<string id="ui_mcm_dotmarks_dmarkobjs_scan_doors">
		<text>Mark Doors</text>
	</string>
	<string id="ui_mcm_dotmarks_dmarkobjs_scan_stalkers">
		<text>Mark NPCs</text>
	</string>
	<string id="ui_mcm_dotmarks_dmarkobjs_scan_workshops">
		<text>Mark Workbenches</text>
	</string>

	<string id="ui_mcm_menu_dotmarks">
		<text>DotMarks</text>
	</string>

	<string id="ui_mcm_menu_dmarkmain">
		<text>General Settings</text>
	</string>

	<string id="ui_mcm_menu_dmarksec">
		<text>Secondary Interact</text>
	</string>

	<string id="ui_mcm_menu_dmarkadv">
		<text>Advanced Settings</text>
	</string>

	<string id="ui_mcm_menu_dmarkobjs">
		<text>Object Settings</text>
	</string>

	<string id="ui_mcm_menu_dmarkicons">
		<text>Icon Settings</text>
	</string>

	<string id="ui_mcm_menu_dmarkmods">
		<text>Other Addons</text>
	</string>

	<string id="ui_mcm_dotmarks_dmarkadv_near_scan_interval">
		<text>Near scan interval</text>
	</string>

	<string id="ui_mcm_dotmarks_dmarkadv_near_scan_interval_desc">
		<text>Interval between nearby-object scans, in milliseconds. Smaller values will update more frequently.</text>
	</string>

	<string id="ui_mcm_dotmarks_dmarkadv_early_scan_interval">
		<text>Far scan interval</text>
	</string>

	<string id="ui_mcm_dotmarks_dmarkadv_early_scan_interval_desc">
		<text>Interval between the more-intensive faraway-object scans, in milliseconds. Smaller values will update more frequently, but may have a performance cost.</text>
	</string>

	<string id="ui_mcm_dotmarks_dmarkadv_near_scan_radius">
		<text>Radius of near scan</text>
	</string>

	<string id="ui_mcm_dotmarks_dmarkadv_near_scan_radius_desc">
		<text>Radius of the nearby-object scan in meters. Many things are based on this value, such as the distances at which markers fade out and scale up/down. It is recommended that you don't adjust this value, or do so in very small increments.</text>
	</string>

	<string id="ui_mcm_dotmarks_dmarkadv_early_scan_radius">
		<text>Radius of far scan</text>
	</string>

	<string id="ui_mcm_dotmarks_dmarkadv_early_scan_radius_desc">
		<text>Radius of the faraway-object scan in meters, which is used to detect and initialize objects before their markers need to be shown. This also determines the distance at which the system cleans up markers that are no longer needed.
		\n 
		\nThis is measured from the end of the near scan radius, but higher values may have a performance cost, and there is no benefit to setting them more than about 5m higher than the near radius.</text>
	</string>

	<string id="ui_mcm_dotmarks_dmarkmods_skill_upd_interval">
		<text>Interval between Skill System updates</text>
	</string>

	<string id="ui_mcm_dotmarks_dmarkmods_use_skill_system">
		<text>Increase perception radius based on Skill System</text>
	</string>

	<string id="ui_mcm_dotmarks_dmarkmods_haru_skill_name">
		<text>Name of the skill used for this check</text>
	</string>

	<string id="ui_mcm_dotmarks_dmarkmods_haru_skill_coef">
		<text>Scan radius multiplier per skill level</text>
	</string>

	<string id="ui_mcm_dotmarks_dmarkmods_haru_skill_coef_desc">
		<text>If Skill System integration is enabled, this setting controls the multiplier that is applied to the near scan radius per skill level, and effectively increases the player's "perception" range--within which dot markers can appear.
		\n 
		\nAt Scavenging level 15 with the default multiplier of 0.2 and radius of 4, the final near scan radius would be 7m. A very high near scan radius can have a performance impact.
		</text>
	</string>

	<string id="ui_mcm_dotmarks_dmarksec_bind_sec_interact">
		<text>Keybind for secondary interact</text>
	</string>

	<string id="ui_mcm_dotmarks_dmarkadv_debuglogs">
		<text>Enable debug logging</text>
	</string>
	<string id="ui_mcm_dotmarks_dmarkadv_debuglogs_desc">
		<text>If you are reporting a problem, turn this on and generate a clean log that shows the problem happening.</text>
	</string>

	<string id="ui_mcm_dotmarks_dmarkadv_verbose">
		<text>Debug logging is verbose (detailed)</text>
	</string>
	<string id="ui_mcm_dotmarks_dmarkadv_verbose_desc">
		<text>When reporting a problem please also enable this. It will ensure that the log contains the most detailed troubleshooting information.</text>
	</string>

	<string id="ui_mcm_dotmarks_dmarkadv_hide_interaction_dots">
		<text>Hide interaction dot markers</text>
	</string>
	<string id="ui_mcm_dotmarks_dmarkadv_hide_interaction_dots_desc">
		<text>If enabled, the interaction dots themselves will be hidden, but the interaction UI will still be available.</text>
	</string>

	<string id="ui_mcm_dotmarks_dmarkadv_hide_pri_interact_ui">
		<text>Hide the custom primary interact UI</text>
	</string>
	<string id="ui_mcm_dotmarks_dmarkadv_hide_pri_interact_ui_desc">
		<text>If enabled, the custom primary interact UI added by DotMarks will not be shown. The primary vanilla "use" function and prompts will still work normally.</text>
	</string>

	<string id="ui_mcm_dotmarks_dmarkadv_hide_sec_interact_ui">
		<text>Hide the custom secondary interact UI</text>
	</string>
	<string id="ui_mcm_dotmarks_dmarkadv_hide_sec_interact_ui_desc">
		<text>If enabled, the custom secondary interact UI added by DotMarks will not be shown, and secondary interactions will not be available.</text>
	</string>

	<string id="ui_mcm_dotmarks_dmarkadv_hide_van_interact_ui">
		<text>Hide vanilla interact UI</text>
	</string>
	<string id="ui_mcm_dotmarks_dmarkadv_hide_van_interact_ui_desc">
		<text>If enabled, any vanilla interact prompts (the text at the bottom of the screen) will be hidden if they have been replaced by a custom version.
			\n 
			\nThis setting has no effect if the custom primary interaction UI is also hidden.</text>
	</string>

	<string id="ui_mcm_dotmarks_dmarkadv_hide_connecting_line">
		<text>Hide the connecting white line</text>
	</string>
	<string id="ui_mcm_dotmarks_dmarkadv_hide_connecting_line_desc">
		<text>If enabled, will hide the white line connecting the dot to the interact prompt.</text>
	</string>

	<string id="ui_mcm_dotmarks_dmarkmods_alti_show_during_anim">
		<text>Show secondary interact UI during FDDA animations</text>
	</string>

	<string id="ui_mcm_dotmarks_dmarkmods_alti_busy_during_anim">
		<text>Secondary interact disabled during FDDA animations</text>
	</string>

	<string id="ui_mcm_dotmarks_dmarkmods_alti_show_during_anim_desc">
		<text>If enabled, the secondary interact UI will still be shown during FDDA animations, and the next setting below controls whether it can be used. If you want to hide the prompt entirely during animations, disable this option.</text>
	</string>

	<string id="ui_mcm_dotmarks_dmarkmods_alti_busy_during_anim_desc">
		<text>If this option is enabled, the secondary interact UI is disabled during FDDA animations, dimming and showing a "Too Busy" message until the current animation completes.\n
		\n 
		\nDisabling this option will allow "animation canceling", skipping the current animation and immediately beginning the next. The sound effects will still play.</text>
	</string>

	<string id="ui_mcm_dotmarks_offsets_desc">
		<text>These settings adjust the positions of the interact prompts. These are canvas coordinates, which are 1024x768--not your screen resolution. Some may require a restart to take effect.</text>
	</string>

	<string id="ui_mcm_dotmarks_dmarkadv_pri_use_x_offset">
		<text>Horizontal offset for first interact</text>
	</string>
	<string id="ui_mcm_dotmarks_dmarkadv_pri_use_x_offset_desc">
		<text>Adjust the prompt's position horizontally. Allowed values are -512 to 1024.
			\n 
			\nDefault: -10
		</text>
	</string>

	<string id="ui_mcm_dotmarks_dmarkadv_pri_use_y_offset">
		<text>Vertical offset for first interact</text>
	</string>
	<string id="ui_mcm_dotmarks_dmarkadv_pri_use_y_offset_desc">
		<text>Adjust the prompt's position vertically. Allowed values are -384 to 768.
			\n 
			\nDefault: 28
		</text>
	</string>

	<string id="ui_mcm_dotmarks_dmarkadv_sec_use_x_offset">
		<text>Horizontal offset for second interact</text>
	</string>
	<string id="ui_mcm_dotmarks_dmarkadv_sec_use_x_offset_desc">
		<text>Adjust the prompt's position horizontally. Allowed values are -512 to 1024.
			\n 
			\nDefault: -10
		</text>
	</string>

	<string id="ui_mcm_dotmarks_dmarkadv_sec_use_y_offset">
		<text>Vertical offset for second interact</text>
	</string>
	<string id="ui_mcm_dotmarks_dmarkadv_sec_use_y_offset_desc">
		<text>Adjust the prompt's position vertically. Allowed values are -384 to 768.
			\n 
			\nDefault: 48
		</text>
	</string>

	<string id="ui_mcm_dotmarks_dmarkadv_fixed_screen_pos">
		<text>Use fixed screen positions (restart required)</text>
	</string>
	<string id="ui_mcm_dotmarks_dmarkadv_fixed_screen_pos_desc">
		<text>If this option is enabled, the custom interaction prompts will have a fixed screen position based on the offsets above, and the offsets are measured relative to the upper-left corner of the screen.
			\n 
			\nBy default, the prompts follow the position of their attached dotmark, and their offsets are measured from the position of that dot.
			\n 
			\nYou must restart/saveload your game for this setting to take effect.
		</text>
	</string>

	<string id="ui_mcm_dotmarks_dmarkmain_interact_drop_alpha">
		<text>Main drop shadow transparency</text>
	</string>
	<string id="ui_mcm_dotmarks_dmarkmain_interact_drop_alpha_desc">
		<text>Sets the alpha (transparency) channel for the main drop shadows underneath the interaction prompts or other UI elements. Set to zero to disable the main drop shadows.
		</text>
	</string>

	<string id="ui_mcm_dotmarks_dmarkadv_keybind_bg_style">
		<text>Keybind icon style</text>
	</string>
	<string id="ui_mcm_dotmarks_dmarkadv_keybind_bg_style_desc">
		<text>Sets the visual style for the graphical "key" icons used as backgrounds for the keybind text on interaction prompts, or disables the backgrounds entirely.
		</text>
	</string>

	<string id="ui_mcm_lst_dmarks_kbstyle_worn">
		<text>3D worn appearance</text>
	</string>
	<string id="ui_mcm_lst_dmarks_kbstyle_full">
		<text>3D black and white</text>
	</string>
	<string id="ui_mcm_lst_dmarks_kbstyle_wire">
		<text>White wireframe</text>
	</string>
	<string id="ui_mcm_lst_dmarks_kbstyle_none">
		<text>No background</text>
	</string>

	<string id="ui_mcm_dotmarks_dmarkicons_dot_marker_size">
		<text>Interaction Dot Marker size</text>
	</string>
	<string id="ui_mcm_dotmarks_dmarkicons_dot_marker_size_desc">
		<text>This slider adjusts the size of the dot markers added to objects in the world. A value of 1 is their default intended size, while zero will hide these icons entirely. Other features of this addon, such as the text labels or secondary interaction, will not be affected.
		</text>
	</string>

	<string id="ui_mcm_dotmarks_dmarkmods_sp_hide_junk_items">
		<text>Hide items marked as junk in Sorting Plus</text>
	</string>
	<string id="ui_mcm_dotmarks_dmarkmods_sp_hide_junk_items_desc">
		<text>If the Sorting Plus addon is installed, and an item has been marked as "junk", then a mark will not be shown for it.
		</text>
	</string>

	<string id="ui_mcm_dotmarks_dmarkadv_hidden_show_prompts">
		<text>Hidden items still show interaction prompts</text>
	</string>
	<string id="ui_mcm_dotmarks_dmarkadv_hidden_show_prompts_desc">
		<text>If a marker is hidden using for any reason, its interaction prompts will still be shown.
			\n
			\nNOTE: If this option is not enabled, hidden markers will not have any visible interaction prompts at all. This will not prevent you from picking them up if you want to, it just won't show the prompt.
		</text>
	</string>

	<string id="ui_mcm_dotmarks_dmarkmods_bodies_use_paw_patches">
		<text>Dead stalkers use PAW faction patches</text>
	</string>
	<string id="ui_mcm_dotmarks_dmarkmods_bodies_use_paw_patches_desc">
		<text>If my Personal Adjustable Waypoint addon (PAW) is installed, this option will cause dead stalkers to show their faction patch instead of the dot marker icon.
		</text>
	</string>

	<string id="ui_mcm_dotmarks_dmarkadv_disable_all_sounds">
		<text>Disable UI sound effects</text>
	</string>

	<string id="ui_mcm_dotmarks_dmarkadv_disable_all_sounds_desc">
		<text>Disables the subtle UI "blip" sound effect that plays when cycling the mouse wheel or during other similar events.</text>
	</string>
	
	<string id="ui_mcm_dotmarks_dmarkmods_bodies_use_mpda_rules">
		<text>Body markers obey Milspec PDA rules</text>
	</string>
	<string id="ui_mcm_dotmarks_dmarkmods_bodies_use_mpda_rules_desc">
		<text>If my Milspec PDA addon is installed, this option will obey that addon's visibility settings for dead bodies--which will only show a marker on bodies whose map markers are visible to the player.
		</text>
	</string>

	<string id="ui_mcm_dotmarks_dmarkicons_enable_icon_boom">
		<text>Enable special icon for explosive objects</text>
	</string>
	<string id="ui_mcm_dotmarks_dmarkicons_enable_icon_boom_desc">
		<text>If this option is enabled, explosive objects will use a special "I explode" icon instead of the standard dot marker.
		</text>
	</string>

	<string id="ui_mcm_dotmarks_dmarkicons_enable_icon_stash">
		<text>Enable special icon for stashes</text>
	</string>
	<string id="ui_mcm_dotmarks_dmarkicons_enable_icon_stash_desc">
		<text>If this option is enabled, stashes will use a classic stash icon instead of the standard dot marker when their primary interaction prompt is shown.
		</text>
	</string>

	<string id="ui_mcm_dotmarks_dmarkicons_enable_icon_box">
		<text>Enable special icon for breakable boxes</text>
	</string>
	<string id="ui_mcm_dotmarks_dmarkicons_enable_icon_box_desc">
		<text>If this option is enabled, breakable boxes will use a special "breakable object" icon instead of the standard dot marker.
		</text>
	</string>

	<string id="ui_mcm_dotmarks_dmarkicons_enable_icon_talk">
		<text>Enable special icon for talking to NPCs</text>
	</string>
	<string id="ui_mcm_dotmarks_dmarkicons_enable_icon_talk_desc">
		<text>If this option is enabled, stalkers will use a special "speech bubble" icon  instead the standard dot marker when the prompt to engage them in dialogue is shown.
		</text>
	</string>

	<string id="ui_mcm_dotmarks_dmarkicons_enable_icon_services">
		<text>Enable special icons for service NPCs</text>
	</string>
	<string id="ui_mcm_dotmarks_dmarkicons_enable_icon_services_desc">
		<text>If this option is enabled, service NPCs will use a service-specific icon instead of the standard dot marker when their primary interaction prompt is shown.
		</text>
	</string>

	<string id="ui_mcm_dotmarks_dmarkicons_enable_icon_door">
		<text>Enable special icon for doors</text>
	</string>
	<string id="ui_mcm_dotmarks_dmarkicons_enable_icon_door_desc">
		<text>If this option is enabled, doors will use their own special icon instead of the standard dot marker when their primary interaction prompt is shown.
		</text>
	</string>

	<string id="ui_mcm_dotmarks_dmarkicons_enable_icon_tasks">
		<text>Enable special icon for task objectives</text>
	</string>
	<string id="ui_mcm_dotmarks_dmarkicons_enable_icon_tasks_desc">
		<text>If this option is enabled, objects that are the target of the current active task will use a hi-res task marker icon instead of the standard dot marker.
		</text>
	</string>

	<string id="ui_mcm_dotmarks_dmarkadv_prompt_fade_in_time">
		<text>Prompt fade-in duration</text>
	</string>
	<string id="ui_mcm_dotmarks_dmarkadv_prompt_fade_in_time_desc">
		<text>The duration, in milliseconds, of the fade-in effect for interaction prompts.
		</text>
	</string>

	<string id="ui_mcm_dotmarks_dmarkadv_prompt_fade_out_time">
		<text>Prompt fade-out duration</text>
	</string>
	<string id="ui_mcm_dotmarks_dmarkadv_prompt_fade_out_time_desc">
		<text>The duration, in milliseconds, of the fade-out effect for interaction prompts.
		</text>
	</string>

	<string id="ui_mcm_dotmarks_dmarkmain_show_item_card">
		<text>Show item quick info card</text>
	</string>
	<string id="ui_mcm_dotmarks_dmarkmain_show_item_card_desc">
		<text>If enabled, a small display will be shown beside the primary interaction prompt, showing its weight and value and (optionally, with Utjan's addon) indicator dots for the condition of weapon/armor parts.</text>
	</string>

	<string id="ui_mcm_dotmarks_dmarkmain_show_item_condition">
		<text>Show gear condition percentage</text>
	</string>
	<string id="ui_mcm_dotmarks_dmarkmain_show_item_condition_desc">
		<text>If enbabled, the condition of weapons, outfits and headgear will be appended to the name of the item.\n

		\nThis option is disabled by default in GAMMA, which does not use item condition.</text>
	</string>

	<string id="ui_mcm_dotmarks_dmarkmain_show_item_charge">
		<text>Show device battery percentage</text>
	</string>
	<string id="ui_mcm_dotmarks_dmarkmain_show_item_charge_desc">
		<text>If enabled, the battery charge of devices will be appended to the name of the item.</text>
	</string>

	<string id="ui_mcm_dotmarks_dmarkmain_show_condition_color">
		<text>Show condition/charge level in color</text>
	</string>
	<string id="ui_mcm_dotmarks_dmarkmain_show_condition_color_desc">
		<text>If enabled, the color of the condition/battery text will change based on the value.</text>
	</string>

	<string id="ui_mcm_dotmarks_dmarkmain_sp_flag_favejunk">
		<text>Show icon for favorites/junk on the item card</text>
	</string>
	<string id="ui_mcm_dotmarks_dmarkmain_sp_flag_favejunk_desc">
		<text>If enabled, items marked as Favorites or Junk with Sorting Plus will display the appropriate icon on the item card.</text>
	</string>	

	<string id="ui_mcm_dotmarks_dmarkadv_font_main_prompt">
		<text>Font used for main prompt</text>
	</string>
	<string id="ui_mcm_dotmarks_dmarkadv_font_main_prompt_desc">
		<text>Some fonts will look better at different resolutions due to the inconsistent way Anomaly sizes the text. The default for the prompt text is Letterica 16, but choose whichever one looks best to you.</text>
	</string>	

	<string id="ui_mcm_dotmarks_dmarkadv_font_item_card">
		<text>Font used for the Item Card</text>
	</string>
	<string id="ui_mcm_dotmarks_dmarkadv_font_item_card_desc">
		<text>Some fonts will look better at different resolutions due to the inconsistent way Anomaly sizes the text. The default for the Item Card is the Small Print font, but choose whichever one looks best to you.
			 \n
			\nThe addon tries to adjust the UI based on the size of the text, but it may be necessary to adjust screen position values for the Item Card or other elements when using some fonts.</text>
	</string>	

	<string id="ui_mcm_lst_dmarks_font_graf32">
		<text>Graffiti 32</text>
	</string>
	<string id="ui_mcm_lst_dmarks_font_graf22">
		<text>Graffiti 22</text>
	</string>
	<string id="ui_mcm_lst_dmarks_font_graf19">
		<text>Graffiti 19</text>
	</string>
	<string id="ui_mcm_lst_dmarks_font_let25">
		<text>Letterica 25</text>
	</string>
	<string id="ui_mcm_lst_dmarks_font_let18">
		<text>Letterica 18</text>
	</string>
	<string id="ui_mcm_lst_dmarks_font_let16">
		<text>Letterica 16 (default)</text>
	</string>
	<string id="ui_mcm_lst_dmarks_font_medium">
		<text>Medium Print</text>
	</string>
	<string id="ui_mcm_lst_dmarks_font_small">
		<text>Small Print (no Cyrillic)</text>
	</string>

	<string id="ui_mcm_dotmarks_itemcard_desc">
		<text>The Item Card is an optional info window attached to the prompt that shows vital data such as an item's weight and value, as well as integrating with other addons such as Sorting Plus and Utjan's Item UI Improvements.</text>
	</string>

	<string id="ui_mcm_dotmarks_dmarkadv_item_card_icon_sz">
		<text>Item Card icon size</text>
	</string>
	<string id="ui_mcm_dotmarks_dmarkadv_item_card_icon_sz_desc">
		<text>Changes the size of the icons in the Item Card, used for attributes such as Weight and Value.
		 \n
		\nDefault: 7.5</text>
	</string>	

	<string id="ui_mcm_dotmarks_dmarkadv_item_card_pos_x">
		<text>Item Card X offset</text>
	</string>
	<string id="ui_mcm_dotmarks_dmarkadv_item_card_pos_x_desc">
		<text>Adjusts the amount that the Item Card's position is horizontally offset.
		 \n
		\nDefault: -9.5</text>
	</string>	

	<string id="ui_mcm_dotmarks_dmarkadv_item_card_pos_y">
		<text>Item Card Y offset</text>
	</string>
	<string id="ui_mcm_dotmarks_dmarkadv_item_card_pos_y_desc">
		<text>Adjusts the amount that the Item Card's position is vertically offset.
		 \n
		\nDefault: 2</text>
	</string>	


	<string id="ui_mcm_dotmarks_dmarkmods_parts_dot_pos_x">
		<text>Part condition dots X offset</text>
	</string>
	<string id="ui_mcm_dotmarks_dmarkmods_parts_dot_pos_x_desc">
		<text>Adjusts the horizontal offset for the part condition dots added by Utjan's Item UI Improvements addon. This position is measured relative to the end of the primary text prompt. Enabling or disabling the dots themselves is a setting controlled in Utjan's MCM menu.
		 \n
		\nDefault: -7</text>
	</string>

	<string id="ui_mcm_dotmarks_dmarkmods_parts_dot_pos_y">
		<text>Part condition dots Y offset</text>
	</string>
	<string id="ui_mcm_dotmarks_dmarkmods_parts_dot_pos_y_desc">
		<text>Adjusts the vertical offset for the part condition dots added by Utjan's Item UI Improvements addon. This position is measured relative to the end of the primary text prompt. Enabling or disabling the dots themselves is a setting controlled in Utjan's MCM menu.
		 \n
		\nDefault: -4</text>
	</string>	

	<string id="ui_mcm_dotmarks_dmarkmods_sp_icon_pos_x">
		<text>Sorting Plus icon X offset</text>
	</string>
	<string id="ui_mcm_dotmarks_dmarkmods_sp_icon_pos_x_desc">
		<text>Adjusts the horizontal offset for the Favorite/Junk icons added by Sorting Plus. This position is measured relative to the right end of the Item Card, which is based on the length of the longest text field: Weight or Value.
		 \n
		\nDefault: 10</text>
	</string>	

	<string id="ui_mcm_dotmarks_dmarkmods_sp_icon_pos_y">
		<text>Sorting Plus icon Y offset</text>
	</string>
	<string id="ui_mcm_dotmarks_dmarkmods_sp_icon_pos_y_desc">
		<text>Adjusts the vertical offset for the Favorite/Junk icons added by Sorting Plus. This position is measured relative to the right end of the Item Card, which is based on the length of the longest text field: Weight or Value.
		 \n
		\nDefault: 1</text>
	</string>

	<string id="ui_mcm_dotmarks_header_debug">
		<text>$clr_whtIf you need to report a problem or crash:\n
			\n$clr_cmg1. $clr_whtTurn on $clr_gldboth debug and verbose$clr_wht logging below
			\n$clr_cmg2. $clr_whtExit the game and restart it
			\n$clr_cmg3. $clr_whtReproduce the issue $clr_gldas quickly and simply as possible
			\n$clr_cmg4. $clr_whtExit $clr_gldimmediately$clr_wht and send me the log\n

			\n$clr_redIf you don't do this or can't reproduce the issue, I probably can't help you.
		</text>
	</string>

	<string id="ui_mcm_dotmarks_header_debug_nocolor">
		<text>If you need to report a problem or crash:
			\n1. Turn on both debug and verbose logging below
			\n2. Exit the game and restart it
			\n3. Reproduce the issue as quickly and simply as possible
			\n4. Exit immediately and send me the log\n

			\nIf you don't do this or can't reproduce the issue, I probably can't help you.
		</text>
	</string>

	<string id="ui_mcm_dotmarks_header_main_nocolor">
		<text>Welcome to Interaction Dot Marks--a modernized replacement for the object interaction UI that brings some of Stalker 2's QoL features back to Anomaly, while adding powerful new options. Everyone enjoys different things, so DotMarks is designed to be customized to your preferences. If you don't find what you're looking for in the options below, head over to the Advanced tab.
		</text>
	</string>

	<string id="ui_mcm_dotmarks_header_main">
		<text>$clr_whtWelcome to $clr_gldInteraction Dot Marks$clr_wht--a modernized replacement for the object interaction UI that brings some of Stalker 2's QoL features back to Anomaly, while adding powerful new options.\n
		\nEveryone enjoys different things, so DotMarks is designed to be $clr_lblcustomized to your preferences$clr_wht. If you don't find what you're looking for in the options below, head over to the $clr_lblAdvanced$clr_wht tab.
		</text>
	</string>

	<string id="ui_mcm_dotmarks_header_oldexes">
		<text>$clr_redWARNING: Your modded binaries are out of date!\n
		\n$clr_whtInteraction Dot Marks $clr_gldrequires modded binaries 20250306 or newer$clr_wht in order to function properly. Before attempting to use this addon, perform a clean installation of the latest demonized modded binaries:\n
		\nhttps://github.com/themrdemonized/xray-monolith
		</text>
	</string>

	<string id="ui_mcm_dotmarks_header_notmodded">
		<text>$clr_redWARNING: You are not running modded binaries!\n
		\n$clr_whtInteraction Dot Marks $clr_gldrequires modded binaries 20250306 or newer$clr_wht in order to function properly. Before attempting to use this addon, perform a clean installation of the latest demonized modded binaries:\n
		\nhttps://github.com/themrdemonized/xray-monolith
		</text>
	</string>

	<string id="ui_mcm_dotmarks_adv_desc">
		<text>$clr_gldAdvanced Settings\n
			$clr_whtYou probably won't need most of the following settings, but they're here for those who want to customize the UI exactly to their liking.\n
			\nScroll down for many more options than you see here.</text>
	</string>

	<string id="ui_mcm_dotmarks_addons_desc">
		<text>$clr_gldOther Addon Support\n
			$clr_whtDotMarks supports multiple other addons, such as Sorting Plus, Utjan's Item UI, Milspec PDA, PAW, and more. Some of these integrations have options which you can adjust here.</text>
	</string>

	<string id="ui_mcm_dotmarks_scanmenu">
		<text>$clr_whtThe following checkboxes $clr_gldcontrol whether visible dot markers are added$clr_wht to each different class of object. If any are distracting or less useful for you, unchecking them here will hide their markers. You can still interact with the objects normally.\n

		\n$clr_gldIf you make changes here, they may not take effect for already-scanned objects until you move away from them or saveload.</text>
	</string>

	<string id="ui_mcm_dotmarks_alti_desc">
		<text>$clr_whtThe $clr_gldsecondary interact$clr_wht allows context-sensitive actions when targeting marked objects without needing to pick them up first--such as removing the ammo from a weapon, or consuming food items. FDDA Redone is strongly recommended.\n

			\nBy default it is set to a long-press version of your primary interact (your "use" key), but you can change it here to whatever is most convenient.</text>
	</string>

	<string id="ui_mcm_dotmarks_dmarkmain_show_multi_uses">
		<text>Show quantity for multi-use items</text>
	</string>
	<string id="ui_mcm_dotmarks_dmarkmain_show_multi_uses_desc">
		<text>When enabled, the number of uses in a multi-use item will be displayed beside the prompt, if more than one remains.</text>
	</string>

	<string id="ui_mcm_dotmarks_dmarkmain_wheel_cycles_pickups">
		<text>Mouse wheel cycles focused pickup</text>
	</string>
	<string id="ui_mcm_dotmarks_dmarkmain_wheel_cycles_pickups_desc">
		<text>When enabled, if there is more than one nearby item that can be picked up, scrolling the mouse wheel will cycle focus through the nearby items instead of its usual function.\n

		\nIf FDDAR's multi-pickup option is disabled, DotMarks will try to respect this by only allowing the focused item to be picked up, but that isn't always possible.</text>
	</string>

	<string id="ui_mcm_dotmarks_dmarksec_long_press_delay">
		<text>Long-press stutter delay</text>
	</string>
	<string id="ui_mcm_dotmarks_dmarksec_long_press_delay_desc">
		<text>When a long-press (hold) action is completed, inputs from that same key will be ignored for this many milliseconds. This is necessary to prevent the same key from incorrectly registering as a simple press just after completing the hold, because a person cannot lift their finger off the key instantaneously.\n
		
		\nIf you find that your primary interact isn't registering when trying to quickly pick up multiple items, you can try lowering this value. It must be between 50 and 2000.</text>
	</string>

	<string id="ui_mcm_dotmarks_dmarkmods_item_use_delay">
		<text>Item secondary usage delay</text>
	</string>
	<string id="ui_mcm_dotmarks_dmarkmods_item_use_delay_desc">
		<text>When using a secondary action on a pickup item, this is the delay in seconds between the pickup event and the secondary action.\n

		\nWhen using FDDA, this is necessary in order to allow the pickup animation time to complete. This setting should have no effect without FDDA installed.</text>
	</string>

	<string id="ui_mcm_dotmarks_dmarkadv_popin_anim_dur">
		<text>Marker pop-in duration</text>
	</string>
	<string id="ui_mcm_dotmarks_dmarkadv_popin_anim_dur_desc">
		<text>The duration of the elastic pop-in animation that plays when focus is transferred to a marker. Can be up to 2000ms. Setting to zero will disable the feature.</text>
	</string>

	<string id="st_dotmarks_epicfail_error">
		<text>$clr_redERROR!$clr_wht DotMarks depdendency failure!\n</text>
	</string>

	<string id="st_dotmarks_fail_reason_nocfg">
		<text>\n$clr_lblInteraction Dot Marks$clr_def could not initialize its config file at all! This is really bad, and probably means something is seriously broken in your installation. You should try reinstalling DotMarks from a fresh download of the latest version, and ensure that it is loaded after any of my other addons.\n</text>
	</string>

	<string id="st_dotmarks_fail_reason_noexes">
		<text>\n$clr_lblInteraction Dot Marks$clr_def could not initialize because it $clr_gldrequires the most recent modded exes$clr_def based on the Anomaly 1.5.3 binaries by TheMrDemonized. These binaries fix vanilla bugs, add many engine features and graphical improvements, and are a superior experience over vanilla in every way.</text>
	</string>

	<string id="st_dotmarks_fail_reason_oldexes">
		<text>\n$clr_gldInteraction Dot Marks$clr_def could not initialize because it requires a modded exes version of $clr_grn%s$clr_def or newer, and yours is $clr_red%s$clr_def.\n
		\n$clr_def</text>
	</string>

	<string id="st_dotmarks_fail_reason_oldmcm">
		<text>\n$clr_gldInteraction Dot Marks$clr_def could not initialize because it requires MCM version $clr_grn1.7.0$clr_def or higher, and yours was $clr_red%s$clr_def. It also checks for the existence of UI functor support (found: %s).\n
		\n$clr_def</text>
	</string>

	<string id="st_catsy_get_mcm">
		<text>\nYou can download the latest MCM here:\n 
        \nhttps://www.moddb.com/mods/stalker-anomaly/addons/anomaly-mod-configuration-menu</text>
	</string>

	<string id="st_dotmarks_fail_reason_staledbs">
		<text>\n$clr_gldInteraction Dot Marks$clr_def could not initialize because it requires the $clr_gldactor_on_update_pickup$clr_def callback, added in exes version $clr_grn20250306$clr_def. Your modded exes are release clr_gld%sclr_def, but the callback is missing!\n
			$clr_def
			\nIf you're seeing this message, it means that you've updated the exe files but are still using old DB files. You must perform a clean reinstall of the modded exes, from scratch.</text>
	</string>

	<string id="st_dotmarks_fail_reason_nohmm">
		<text>\n$clr_gldInteraction Dot Marks$clr_def could not initialize because it couldn't find the HUD Mark Manager, which it requires.\n

		\nThat means that $clr_gldutils_catspaw_hudmarks$clr_def has completely shit the bed somehow. Please download the most recent version of my core utility scripts here:\n

        \n$clr_lblhttps://github.com/CatspawMods/Anomaly-Addon-Archive/tree/main/Modding%20Tools/Catsy%20Utils</text>
	</string>

	<string id="st_get_modded_exes">
		<text>\nYou can download the most up-to-date version here:\n 
        \nhttps://github.com/themrdemonized/xray-monolith</text>
    </string>

	<string id="ui_mcm_dotmarks_dmarkadv_action_text_pos_x">
		<text>Action text X offset</text>
	</string>
	<string id="ui_mcm_dotmarks_dmarkadv_action_text_pos_x_desc">
		<text>Adjusts the horizontal offset of the action text. This is the text that says what the interaction does, e.g. "pick up the thing".
		 \n
		\nDefault: 24</text>
	</string>	

	<string id="ui_mcm_dotmarks_dmarkadv_action_text_pos_y">
		<text>Action text Y offset</text>
	</string>
	<string id="ui_mcm_dotmarks_dmarkadv_action_text_pos_y_desc">
		<text>Adjusts the vertical offset . This is the text that says what the interaction does, e.g. "pick up the thing".
		 \n
		\nDefault: 3.5</text>
	</string>	

	<string id="ui_mcm_dotmarks_dmarkadv_bind_text_pos_x">
		<text>Keybind text X offset</text>
	</string>
	<string id="ui_mcm_dotmarks_dmarkadv_bind_text_pos_x_desc">
		<text>Adjusts the horizontal offset of the keybind text within its icon box. This is the text that says what key or button you press, e.g. "T".
		 \n
		\nDefault: 3</text>
	</string>	

	<string id="ui_mcm_dotmarks_dmarkadv_bind_text_pos_y">
		<text>Keybind text Y offset</text>
	</string>
	<string id="ui_mcm_dotmarks_dmarkadv_bind_text_pos_y_desc">
		<text>Adjusts the vertical offset of the keybind text within its icon box. This is the text that says what key or button you press, e.g. "T".
		 \n
		\nDefault: 2.5</text>
	</string>	

	<string id="ui_mcm_dotmarks_dmarkadv_bind_char_scale">
		<text>Keybind character scale</text>
	</string>
	<string id="ui_mcm_dotmarks_dmarkadv_bind_char_scale_desc">
		<text>Sets the horizontal size adjustment of the keybind icon box, per character of string length in the keybind text.
		 \n
		\nDefault: 5.825</text>
	</string>

	<string id="ui_mcm_dotmarks_dmarkmain_show_stash_weight">
		<text>Show total weight in containers</text>
	</string>
	<string id="ui_mcm_dotmarks_dmarkmain_show_stash_weight_desc">
		<text>Totals up the weight of all items within marked containers, appending this information to the prompt. This feature may have a performance cost when there are many stashes or other containers nearby.</text>
	</string>

	<string id="ui_mcm_dotmarks_header_icons">
		<text>Click the $clr_gldgear icon$clr_def beside any setting below to $clr_gldopen its ARGB control$clr_def. There you can separately adjust the values for Alpha (transparency), Red, Green, and Blue. You will see a preview of your changes on the associated icon, and can $clr_redcancel$clr_def or $clr_grnaccept$clr_def your changes at any time.</text>
	</string>

	<string id="ui_mcm_dotmarks_dmarkicons_argb_dot_normal">
		<text>Customize color for the normal dot marker</text>
	</string>

	<string id="ui_mcm_dotmarks_dmarkicons_argb_dot_focus">
		<text>Customize color for the focus dot marker</text>
	</string>

	<string id="ui_mcm_dotmarks_dmarkicons_argb_icon_door">
		<text>Customize color for the door icon</text>
	</string>

	<string id="ui_mcm_dotmarks_dmarkicons_argb_icon_talk">
		<text>Customize color for the dialogue icon</text>
	</string>

	<string id="ui_mcm_dotmarks_dmarkicons_argb_icon_box">
		<text>Customize color for the "breakable" icon</text>
	</string>

	<string id="ui_mcm_dotmarks_dmarkicons_argb_icon_boom">
		<text>Customize color for the "explosive" icon</text>
	</string>

	<string id="ui_mcm_dotmarks_dmarkicons_argb_icon_stash">
		<text>Customize color for the stash icon</text>
	</string>

	<string id="ui_mcm_dotmarks_dmarkicons_argb_service_trade">
		<text>Customize color for the Trader icon</text>
	</string>

	<string id="ui_mcm_dotmarks_dmarkicons_argb_service_mech">
		<text>Customize color for the Technician icon</text>
	</string>

	<string id="ui_mcm_dotmarks_dmarkicons_argb_service_medic">
		<text>Customize color for the Medic icon</text>
	</string>

	<string id="ui_mcm_dotmarks_dmarkicons_argb_service_guide">
		<text>Customize color for the Guide icon</text>
	</string>

	<string id="ui_mcm_dotmarks_dmarkicons_argb_service_leader">
		<text>Customize color for the Leader icon</text>
	</string>

</string_table>