<!--
    Milspec PDA
    Author: Catspaw (CatspawMods @ ModDB)
    Source: https://www.moddb.com/mods/stalker-anomaly/addons/milspec-pda-for-anomaly-151-152-and-gamma
    Version: 1.8
    Updated: 20230810
    Contents: String definitions. Permission 
    granted to freely translate into any language.
-->
<string_table>
    <string id="st_pda_mil_name">
        <text>Milspec PDA</text>
    </string>
    <string id="st_pda_mil_descr">
        <text>Электронное устройство карманного размера, предназначенное для выполнения основных и наиболее жизненно важных функций компьютера. КПК необходим для ежедневного обмена информацией. Он поставляется с предустановленным модулем GPS для предоставления пользователю информации о геолокации и времени.\n\n Эта сложная модель была разработана неизвестной организацией для использования военными под прикрытием или оперативниками НПО и включает в себя криптографический модуль, позволяющий пользователю проникать во многие защищенные частные сети Зоны, раскрывая секретные данные, а также отображает приблизительное расположение вражеских отрядов, действующих в этом районе..\n \n
        %c[ui_gray_3]ХАРАКТЕРИСТИКИ:\n
        %c[d_blue] • %c[ui_gray_2] технологическое изделие\n
        %c[d_blue] • %c[ui_gray_2] высокое потребление электроэнергии\n
        %c[d_purple] • %c[ui_gray_2] показывает местоположение всех близлежащих отрядов\n
        </text>
    </string>
    <string id="ui_mcm_menu_milpda">
        <text>Milspec PDA</text>
    </string>
    <string id="ui_mcm_milpda_milpdagen_uninstall">
        <text>Удалить Milspec PDA</text>
    </string>
    <string id="ui_mcm_milpda_milpdagen_uninstall_desc">
        <text>При установке этого флажка будут удалены все копии Milspec PDA в инвентаре игрока.</text>
    </string>
    <string id="ui_mcm_milpda_milpdagen_add_recipe">
        <text>Добавить рецепт для крафта</text>
    </string>
    <string id="ui_mcm_milpda_milpdagen_add_recipe_desc">
        <text>Если этот параметр включен, будет добавлен рецепт крафта КПК Milspec. Возможно, вам потребуется сохранить и перезагрузить вашу игру, чтобы изменения вступили в силу.</text>
    </string>
    <string id="ui_mcm_milpda_facblacklist_enabled">
        <text>Включите пользовательский черный список для фракций, перечисленных ниже</text>
    </string>
    <string id="ui_mcm_milpda_facblacklist_army">
        <text>Не показывать военных</text>
    </string>
    <string id="ui_mcm_milpda_facblacklist_bandit">
        <text>Не показывать бандитов</text>
    </string>
    <string id="ui_mcm_milpda_facblacklist_csky">
        <text>Не показывать членов группировки «Чистое небо»</text>
    </string>
    <string id="ui_mcm_milpda_facblacklist_dolg">
        <text>Не показывать членов группировки «Долг»</text>
    </string>
    <string id="ui_mcm_milpda_facblacklist_ecolog">
        <text>Не показывать экологов / ученых</text>
    </string>
    <string id="ui_mcm_milpda_facblacklist_freedom">
        <text>Не показывать членов группировки «Свобода»</text>
    </string>
    <string id="ui_mcm_milpda_facblacklist_killer">
        <text>Не показывать наемников</text>
    </string>
    <string id="ui_mcm_milpda_facblacklist_monolith">
        <text>Не показывать членов группировки «Монолит»</text>
    </string>
    <string id="ui_mcm_milpda_facblacklist_zombied">
        <text>Не показывать зомбированных</text>
    </string>
    <string id="ui_mcm_milpda_facblacklist_greh">
        <text>Не показывать членов группировки «Грех»</text>
    </string>
    <string id="ui_mcm_milpda_facblacklist_isg">
        <text>Не показывать членов группировки «ИИГ»</text>
    </string>
    <string id="ui_mcm_milpda_facblacklist_renegade">
        <text>Не показывать членов группировки «Ренегаты»</text>
    </string>
    <string id="ui_mcm_milpda_facblacklist_stalker">
        <text>Не показывать одиночек</text>
    </string>
    <string id="ui_mcm_menu_milpdagen">
        <text>Установки</text>
    </string>
    <string id="ui_mcm_menu_facblacklist">
        <text>"Черный список"</text>
    </string>
    <string id="ui_mcm_menu_cfg_device_pda_1">
        <text>PDA 1.0</text>
    </string>
    <string id="ui_mcm_menu_cfg_device_pda_2">
        <text>PDA 2.0</text>
    </string>
    <string id="ui_mcm_menu_cfg_device_pda_3">
        <text>PDA 3.1</text>
    </string>
    <string id="ui_mcm_menu_cfg_device_pda_milspec">
        <text>Milspec PDA</text>
    </string>
    <string id="ui_mcm_milpda_milpdagen_kiltrak">
        <text>Включить KilTrak (tm)</text>
    </string>
    <string id="ui_mcm_milpda_milpdagen_kiltrak_desc">
        <text>Включите поддержку аддона Ishmael's Kill Tracker для отслеживания убийств.</text>
    </string>
    <string id="ui_mcm_milpda_milpdagen_getkiltrak">
        <text>Скачайте аддон Ishmael's Kill Tracker здесь: \n\nhttps://www.moddb.com/mods/stalker-anomaly/addons/kiltrak</text>
    </string>
    <string id="ui_mcm_milpda_cfg_device_pda_1_enabled">
        <text>Настройка видимости точек на карте для PDA 1.0.</text>
    </string>
    <string id="ui_mcm_milpda_cfg_device_pda_2_enabled">
        <text>Настройка видимости точек на карте для PDA 2.0.</text>
    </string>
    <string id="ui_mcm_milpda_cfg_device_pda_3_enabled">
        <text>Настройка видимости точек на карте для PDA 3.1.</text>
    </string>
    <string id="ui_mcm_milpda_cfg_device_pda_milspec_enabled">
        <text>Настройка видимости точек на карте для Milspec PDA</text>
    </string>

    <string id="ui_mcm_milpda_show_f">
        <text>Показывать на карте метки дружественных сталкеров</text>
    </string>
    <string id="ui_mcm_milpda_show_n">
        <text>Показывать на карте метки нейтральных сталкеров</text>
    </string>
    <string id="ui_mcm_milpda_show_e">
        <text>Показывать на карте метки врагов</text>
    </string>
    <string id="ui_mcm_milpda_show_k">
        <text>Показывать на карте метки трупов</text>
    </string>
    <string id="ui_mcm_milpda_obeybl">
        <text>Используйте черный список фракций</text>
    </string>
    <string id="ui_mcm_milpda_milpdagen_debuglogs">
        <text>Включить ведение журнала отладки</text>
    </string>
    <string id="ui_mcm_milpda_milpdagen_debuglogs_desc">
        <text>Если этот параметр включен, скрипт отправит в консоль спам с данными того, что он делает. Обычно это должно быть выключено.</text>
    </string>
<!-- Added in 1.4 -->
    <string id="st_kiltrak_bodyof">
        <text>Тела  убитых</text>
    </string>
    <string id="ui_mcm_milpda_milpdagen_bodyicon">
        <text>Типы иконок для тел на миникарте</text>
    </string>
    <string id="ui_mcm_lst_milpda_whtx">
        <text>Белый X</text>
    </string>
    <string id="ui_mcm_lst_milpda_skul">
        <text>Большой череп</text>
    </string>
    <string id="ui_mcm_lst_milpda_sdot">
        <text>Маленькая синяя точка</text>
    </string>
    <string id="ui_mcm_lst_milpda_mdot">
        <text>Средняя синяя точка</text>
    </string>
    <string id="ui_mcm_lst_milpda_ldot">
        <text>Большая синяя точка</text>
    </string>
<!-- Added in 1.5 -->
    <string id="st_kiltrak_unidbody">
        <text>Неопознанное тело</text>
    </string>
    <string id="st_milpda_delete_marker">
        <text>Удалить маркер убитого</text>
    </string>
<!-- Added in 1.6 -->
    <string id="st_kiltrak_killedby">
        <text>Убитый</text>
    </string>
<!-- Added in 1.7 -->
    <string id="ui_mcm_milpda_milpdagen_autoclear">
        <text>Автоматическая очистка маркеров тел при их лутании</text>
    </string>
    <string id="ui_mcm_milpda_milpdagen_autoclear_desc">
        <text>Когда функция включена, "Kill Tracker" автоматически удаляет маркеры тел, когда вы лутаете или иным образом взаимодействуете с ними. Отключение этого параметра приведет к тому, что маркеры тела останутся на карте до тех пор, пока вы не очистите их вручную или тело не исчезнет.</text>
    </string>
    <string id="ui_mcm_milpda_milpdagen_tracking_mode">
        <text>Режим "Kill Tracker"</text>
    </string>
    <string id="ui_mcm_milpda_milpdagen_tracking_mode_desc">
        <text>Устанавливает режим работы для "Kill Tracker".\nOff: "Kill Tracker" отключен \nPlayer: "Kill Tracker" будет отображать только ваши убийства \nPlayer Squad: "Kill Tracker" также будет отображать убийства компаньонов \nAll: Мертвые тела будут показаны независимо от того, кто или что их убило. Убийства, совершенные не игроком или его командой, всегда будут отображаться синими точками.</text>
    </string>
    <string id="ui_mcm_lst_milpda_trkmode_all">
        <text>Все</text>
    </string>
    <string id="ui_mcm_lst_milpda_trkmode_you">
        <text>Главный герой (ГГ)</text>
    </string>
    <string id="ui_mcm_lst_milpda_trkmode_cmp">
        <text>Команда ГГ</text>
    </string>
    <string id="ui_mcm_lst_milpda_trkmode_off">
        <text>Отключено</text>
    </string>
    <string id="ui_mcm_milpda_milpdagen_getpaw">
        <text>Скачать "Personal Adjustable Waypoint" можно здесь:\n\nhttps://www.moddb.com/mods/stalker-anomaly/addons/personal-adjustable-waypoint-for-anomaly-151-152-and-gamma</text>
    </string>

<!-- Added in 1.7.4 -->

    <string id="ui_mcm_milpda_milpdagen_bodyicon_other">
        <text>Стиль иконок для убийств, совершенных другими</text>
    </string>

    <string id="ui_mcm_lst_milpda_upaw">
        <text>Используйте иконку PAW</text>
    </string>

    <string id="st_kiltrak_deadbody">
        <text>Тело умершего</text>
    </string>

    <string id="st_milpda_thezone">
        <text>Зона</text>
    </string>

<!-- Added in 1.7.5 -->


    <string id ="ui_mcm_milpda_milpdagen_wipe_all">
        <text>Стирание всех данных о маркерах тела</text>
    </string>

    <string id ="ui_mcm_milpda_milpdagen_wipe_all_desc">
        <text>Удаляет все маркеры тел с карты и стирает базу данных "Kill Tracker". Это нельзя отменить.</text>
    </string>

<!-- Added in 1.8 -->
    <string id="ui_mcm_menu_progressive">
        <text>Прогресс</text>
    </string>

    <string id ="ui_mcm_milpda_progressive_enabled">
        <text>Прогресс видимости отряда (рекомендуется)</text>
    </string>

    <string id ="ui_mcm_milpda_progressive_enabled_desc">
        <text>Если эта функция включена, игрок должен разблокировать доступ к карте для каждой группировки отдельно, добывая КПК с их трупов и получая доступ к их сети. По умолчанию КПК, добытые у сталкеров более высокого ранга, дают больший прогресс в разблокировке доступа.\n\nПо-прежнему необходим поддерживаемый КПК, способный отображать дружественные, нейтральные или враждебные карты (в зависимости от ситуации).</text>
    </string>

    <string id="ui_mcm_prog_comm_descr">
        <text>В этом меню можно настроить количество данных PDA, которые необходимо собрать, чтобы разблокировать видимость карты отряда для каждой фракции, а также прогресс, получаемый за разграбление PDA NPC каждого ранга.</text>
    </string>
    <string id="ui_mcm_milpda_progressive_army">
        <text>Военные</text>
    </string>
    <string id="ui_mcm_milpda_progressive_bandit">
        <text>Бандиты</text>
    </string>
    <string id="ui_mcm_milpda_progressive_csky">
        <text>"Чистое небо"</text>
    </string>
    <string id="ui_mcm_milpda_progressive_dolg">
        <text>Долг</text>
    </string>
    <string id="ui_mcm_milpda_progressive_ecolog">
        <text>Экологи (ученые)</text>
    </string>
    <string id="ui_mcm_milpda_progressive_freedom">
        <text>"Свобода"</text>
    </string>
    <string id="ui_mcm_milpda_progressive_killer">
        <text>Наемники</text>
    </string>
    <string id="ui_mcm_milpda_progressive_monolith">
        <text>"Монолит"</text>
    </string>
    <string id="ui_mcm_milpda_progressive_greh">
        <text>"Грех"</text>
    </string>
    <string id="ui_mcm_milpda_progressive_isg">
        <text>"ИИГ"</text>
    </string>
    <string id="ui_mcm_milpda_progressive_renegade">
        <text>Ренегаты</text>
    </string>
    <string id="ui_mcm_milpda_progressive_stalker">
        <text>Одиночки</text>
    </string>

    <string id="ui_mcm_prog_rank_descr">
        <text>Прогресс начисляется в зависимости от ранга сталкера, бросившего КПК:</text>
    </string>

    <string id="ui_mcm_milpda_progressive_novice">
        <text>Новичок</text>
    </string>
    <string id="ui_mcm_milpda_progressive_trainee">
        <text>Стажер</text>
    </string>
    <string id="ui_mcm_milpda_progressive_experienced">
        <text>Опытный</text>
    </string>
    <string id="ui_mcm_milpda_progressive_professional">
        <text>Профессионал</text>
    </string>
    <string id="ui_mcm_milpda_progressive_veteran">
        <text>Ветеран</text>
    </string>
    <string id="ui_mcm_milpda_progressive_expert">
        <text>Эксперт</text>
    </string>
    <string id="ui_mcm_milpda_progressive_master">
        <text>Мастер</text>
    </string>
    <string id="ui_mcm_milpda_progressive_legend">
        <text>Легенда</text>
    </string>

    <string id="st_mapspot_access_prog">
        <text>С помощью данных, содержащихся в КПК этого %s сталкера, вы добились прогресса в получении доступа к %s GPS-данных. Общий прогресс: %.2f%% (%s/%s)</text>
    </string>

    <string id="st_mapspot_access_unlock">
        <text>Данные на КПК этого %s сталкера дало вам возможность прорваться в сеть их фракции. Теперь у вас есть доступ к данным GPS, которые позволяют вам видеть %s местоположения отрядов при использовании любого поддерживаемого КПК.</text>
    </string>



</string_table>