<!-- ======================================================================
	Personal Adjustable Waypoint 
	Author: Catspaw (CatspawMods @ ModDB)
	Version: 1.3
	Updated: 20230516
===========================================================================
	Mapspot icon definitions
========================================================================-->

	<paw_smart_area>
		<level_map spot="paw_smart_area_spot" point="quest_pointer"/>
		<mini_map spot="paw_smart_area_spot_mini"/>
	</paw_smart_area>

	<paw_smart_area_spot width="64" height="64" alignment="c" stretch="0" scale="1" scale_min="1.0" scale_max="1.2">
		<texture>ui_icons_paw_yelcircle256</texture>
	</paw_smart_area_spot>

	<paw_smart_area_spot_mini width="50" height="50" alignment="c" stretch="0">
		<texture>ui_icons_paw_yelcircle256</texture>
	</paw_smart_area_spot_mini>


	<paw_pin_redpush32>
		<level_map spot="paw_pin_redpush32_spot" point="quest_pointer"/>
		<mini_map spot="paw_pin_redpush32_spot_mini"/>
	</paw_pin_redpush32>

	<paw_pin_redpush32_spot width="32" height="32" alignment="c" stretch="0" scale="1" scale_min="1.0" scale_max="1.2">
		<texture>ui_icons_paw_pin_redpush32</texture>
	</paw_pin_redpush32_spot>

	<paw_pin_redpush32_spot_mini width="32" height="32" alignment="c" stretch="0" scale="1" scale_min="1.0" scale_max="1.2">
		<texture>ui_icons_paw_pin_redpush32</texture>
	</paw_pin_redpush32_spot_mini>


	<paw_pin_redmodern32>
		<level_map spot="paw_pin_redmodern32_spot" point="quest_pointer"/>
		<mini_map spot="paw_pin_redmodern32_spot_mini"/>
	</paw_pin_redmodern32>

	<paw_pin_redmodern32_spot width="32" height="32" alignment="c" stretch="0" scale="1" scale_min="1.0" scale_max="1.2">
		<texture>ui_icons_paw_pin_redmodern32</texture>
	</paw_pin_redmodern32_spot>

	<paw_pin_redmodern32_spot_mini width="32" height="32" alignment="c" stretch="0" scale="1" scale_min="1.0" scale_max="1.2">
		<texture>ui_icons_paw_pin_redmodern32</texture>
	</paw_pin_redmodern32_spot_mini>


	<paw_pin_redround32>
		<level_map spot="paw_pin_redround32_spot" point="quest_pointer"/>
		<mini_map spot="paw_pin_redround32_spot_mini"/>
	</paw_pin_redround32>

	<paw_pin_redround32_spot width="32" height="32" alignment="c" stretch="0" scale="1" scale_min="1.0" scale_max="1.2">
		<texture>ui_icons_paw_pin_redround32</texture>
	</paw_pin_redround32_spot>

	<paw_pin_redround32_spot_mini width="32" height="32" alignment="c" stretch="0" scale="1" scale_min="1.0" scale_max="1.2">
		<texture>ui_icons_paw_pin_redround32</texture>
	</paw_pin_redround32_spot_mini>


	<paw_pin_stalker32>
		<level_map spot="paw_pin_stalker32_spot" point="quest_pointer"/>
		<mini_map spot="paw_pin_stalker32_spot_mini"/>
	</paw_pin_stalker32>

	<paw_pin_stalker32_spot width="32" height="32" alignment="c" stretch="0" scale="1" scale_min="1.0" scale_max="1.2">
		<texture>ui_icons_paw_pin_stalker64</texture>
	</paw_pin_stalker32_spot>

	<paw_pin_stalker32_spot_mini width="32" height="32" alignment="c" stretch="0" scale="1" scale_min="1.0" scale_max="1.2">
		<texture>ui_icons_paw_pin_stalker64</texture>
	</paw_pin_stalker32_spot_mini>


	<paw_pin_yelpush32>
		<level_map spot="paw_pin_yelpush32_spot" point="quest_pointer"/>
		<mini_map spot="paw_pin_yelpush32_spot_mini"/>
	</paw_pin_yelpush32>

	<paw_pin_yelpush32_spot width="32" height="32" alignment="c" stretch="0" scale="1" scale_min="1.0" scale_max="1.2">
		<texture>ui_icons_paw_pin_yelpush32</texture>
	</paw_pin_yelpush32_spot>

	<paw_pin_yelpush32_spot_mini width="32" height="32" alignment="c" stretch="0" scale="1" scale_min="1.0" scale_max="1.2">
		<texture>ui_icons_paw_pin_yelpush32</texture>
	</paw_pin_yelpush32_spot_mini>	


	<paw_pin_whtsimple32>
		<level_map spot="paw_pin_whtsimple32_spot" point="quest_pointer"/>
		<mini_map spot="paw_pin_whtsimple32_spot_mini"/>
	</paw_pin_whtsimple32>

	<paw_pin_whtsimple32_spot width="32" height="32" alignment="c" stretch="0" scale="1" scale_min="1.0" scale_max="1.2">
		<texture>ui_icons_paw_pin_whtsimple32</texture>
	</paw_pin_whtsimple32_spot>

	<paw_pin_whtsimple32_spot_mini width="32" height="32" alignment="c" stretch="0" scale="1" scale_min="1.0" scale_max="1.2">
		<texture>ui_icons_paw_pin_whtsimple32</texture>
	</paw_pin_whtsimple32_spot_mini>

	<paw_pin_magnifier32>
		<level_map spot="paw_pin_magnifier32_spot" point="quest_pointer"/>
		<mini_map spot="paw_pin_magnifier32_spot"/>
	</paw_pin_magnifier32>

	<paw_pin_magnifier32_spot width="20" height="20" alignment="c" stretch="0" scale="1" scale_min="1.0" scale_max="1.2">
		<texture>ui_icons_paw_magnifier32</texture>
	</paw_pin_magnifier32_spot>

<!-- ======================================================================
	Faction badge icons
========================================================================-->

	<paw_badge_army>
		<level_map spot="paw_badge_army_spot" point="quest_pointer"/>
		<mini_map spot="paw_badge_army_spot"/>
	</paw_badge_army>

	<paw_badge_army_spot width="32" height="32" alignment="c" stretch="0" scale="1" scale_min="1.0" scale_max="1.2">
		<texture>ui_icons_paw_badge_army</texture>
	</paw_badge_army_spot>

	<paw_badge_bandit>
		<level_map spot="paw_badge_bandit_spot" point="quest_pointer"/>
		<mini_map spot="paw_badge_bandit_spot"/>
	</paw_badge_bandit>

	<paw_badge_bandit_spot width="32" height="32" alignment="c" stretch="0" scale="1" scale_min="1.0" scale_max="1.2">
		<texture>ui_icons_paw_badge_bandit</texture>
	</paw_badge_bandit_spot>

	<paw_badge_csky>
		<level_map spot="paw_badge_csky_spot" point="quest_pointer"/>
		<mini_map spot="paw_badge_csky_spot"/>
	</paw_badge_csky>

	<paw_badge_csky_spot width="32" height="32" alignment="c" stretch="0" scale="1" scale_min="1.0" scale_max="1.2">
		<texture>ui_icons_paw_badge_csky</texture>
	</paw_badge_csky_spot>

		<paw_badge_dolg>
		<level_map spot="paw_badge_dolg_spot" point="quest_pointer"/>
		<mini_map spot="paw_badge_dolg_spot"/>
	</paw_badge_dolg>

	<paw_badge_dolg_spot width="32" height="32" alignment="c" stretch="0" scale="1" scale_min="1.0" scale_max="1.2">
		<texture>ui_icons_paw_badge_dolg</texture>
	</paw_badge_dolg_spot>

	<paw_badge_ecolog>
		<level_map spot="paw_badge_" point="quest_pointer"/>
		<mini_map spot="paw_badge_ecolog_spot"/>
	</paw_badge_ecolog>

	<paw_badge_ecolog_spot width="32" height="32" alignment="c" stretch="0" scale="1" scale_min="1.0" scale_max="1.2">
		<texture>ui_icons_paw_badge_ecolog</texture>
	</paw_badge_ecolog_spot>

	<paw_badge_freedom>
		<level_map spot="paw_badge_freedom_spot" point="quest_pointer"/>
		<mini_map spot="paw_badge_freedom_spot"/>
	</paw_badge_freedom>

	<paw_badge_freedom_spot width="32" height="32" alignment="c" stretch="0" scale="1" scale_min="1.0" scale_max="1.2">
		<texture>ui_icons_paw_badge_freedom</texture>
	</paw_badge_freedom_spot>

	<paw_badge_killer>
		<level_map spot="paw_badge_killer_spot" point="quest_pointer"/>
		<mini_map spot="paw_badge_killer_spot"/>
	</paw_badge_killer>

	<paw_badge_killer_spot width="32" height="32" alignment="c" stretch="0" scale="1" scale_min="1.0" scale_max="1.2">
		<texture>ui_icons_paw_badge_killer</texture>
	</paw_badge_killer_spot>

	<paw_badge_monolith>
		<level_map spot="paw_badge_monolith_spot" point="quest_pointer"/>
		<mini_map spot="paw_badge_monolith_spot"/>
	</paw_badge_monolith>

	<paw_badge_monolith_spot width="32" height="32" alignment="c" stretch="0" scale="1" scale_min="1.0" scale_max="1.2">
		<texture>ui_icons_paw_badge_monolith</texture>
	</paw_badge_monolith_spot>

	<paw_badge_stalker>
		<level_map spot="paw_badge_stalker_spot" point="quest_pointer"/>
		<mini_map spot="paw_badge_stalker_spot"/>
	</paw_badge_stalker>

	<paw_badge_stalker_spot width="32" height="32" alignment="c" stretch="0" scale="1" scale_min="1.0" scale_max="1.2">
		<texture>ui_icons_paw_badge_stalker</texture>
	</paw_badge_stalker_spot>

	<paw_badge_greh>
		<level_map spot="paw_badge_greh_spot" point="quest_pointer"/>
		<mini_map spot="paw_badge_greh_spot"/>
	</paw_badge_greh>

	<paw_badge_greh_spot width="32" height="32" alignment="c" stretch="0" scale="1" scale_min="1.0" scale_max="1.2">
		<texture>ui_icons_paw_badge_greh</texture>
	</paw_badge_greh_spot>

	<paw_badge_isg>
		<level_map spot="paw_badge_isg_spot" point="quest_pointer"/>
		<mini_map spot="paw_badge_isg_spot"/>
	</paw_badge_isg>

	<paw_badge_isg_spot width="32" height="32" alignment="c" stretch="0" scale="1" scale_min="1.0" scale_max="1.2">
		<texture>ui_icons_paw_badge_isg</texture>
	</paw_badge_isg_spot>

	<paw_badge_renegade>
		<level_map spot="paw_badge_renegade_spot" point="quest_pointer"/>
		<mini_map spot="paw_badge_renegade_spot"/>
	</paw_badge_renegade>

	<paw_badge_renegade_spot width="32" height="32" alignment="c" stretch="0" scale="1" scale_min="1.0" scale_max="1.2">
		<texture>ui_icons_paw_badge_renegade</texture>
	</paw_badge_renegade_spot>



