<!--
	Contents: Debug/Testing Texture definitions
	If you don't intend to use the debug widget and background images, you can omit this file, along with the following textures:
		textures\ui\ui_mcm_pos_preview_test_images.dds
		textures\ui\ui_mcm_pos_preview_test512.dds
-->
<w>
	<file name ="ui\ui_mcm_pos_preview_test_images">
		<texture id = "ui_mcm_pospre_4_3_debug" x="640" y="0" width="360" height="270" />
		<texture id = "ui_mcm_pospre_16_9_debug" x="0" y="270" width="480" height="270" />
		<texture id = "ui_mcm_pospre_16_10_debug" x="480" y="270" width="420" height="262" />
		<texture id = "ui_mcm_pospre_21_9_debug" x="0" y="0" width="640" height="270" />
	</file>

	<file name ="ui\ui_mcm_pos_preview_test512">
		<texture id = "ui_mcm_pospre_test512" x="0" y="0" width="512" height="512" />
	</file>
</w>

