<!--
**  Milspec PDA
**  Author: Catspaw (CatspawMods @ ModDB)
**  Source: https://www.moddb.com/members/catspawmods/addons
**  Version: 1.3
**  Updated: 20230506
-->
	<enemy_location hint="enemy" no_offline="1">
		<mini_map  spot="enemy_mini_spot"/>
	</enemy_location>

	<neutral_location hint="neutral">
		<mini_map  spot="neutral_mini_spot"/>
	</neutral_location>

	<friend_location hint="friend">
		<mini_map  spot="friend_mini_spot"/>
	</friend_location>

	<deadbody_location hint="deadbody">
		<mini_map  spot="deadbody_mini_spot"/>
	</deadbody_location>

<!-- Resolving any conflict is easy. The sole thing that Milspec PDA cares about is the "enemy_mini_spot" line below. Replace the line in your file with this, and you're done. You can also just change the width and height of yours to 7. -->
	<enemy_mini_spot width="7" height="7" stretch="1" alignment="c" >
<!-- This line right above here ^^^^ -->

		<texture r="255" g="0" b="0">ui_mmap_common_actor</texture>
	</enemy_mini_spot>

	<neutral_mini_spot width="7" height="7" stretch="1" alignment="c">
		<texture r="255" g="200" b="0">ui_mmap_common_actor</texture>
	</neutral_mini_spot>

	<friend_mini_spot width="7" height="7" stretch="1" alignment="c">
		<texture r="50" g="255" b="0">ui_mmap_common_actor</texture>
	</friend_mini_spot>

	<deadbody_mini_spot width="7" height="7" stretch="1" alignment="c">
		<texture r="50" g="195" b="255">ui_mmap_common_actor</texture>
	</deadbody_mini_spot>

<!-- The following line is included for compatibility with Ishmaeel's Kill Tracker. If you don't have that installed, it is harmless and can be deleted or left alone as you please. -->
	<deadbody_pda_spot width="7" height="7" stretch="1" alignment="c" location_level="5">
		<texture r="50" g="195" b="255">ui_mmap_common_actor</texture>
	</deadbody_pda_spot>
