<!-- ====================================================================
    Author: Catspaw
    Source: https://www.moddb.com/members/catspawmods/addons

    Permission granted to freely translate into any language.
===================================================================== -->

<string_table>
	<string id="ui_mcm_menu_pos_pre_demo">
		<text>PosPre Demo</text>
	</string>	

	<string id="preview_demo_header1">
		<text>
		The pos previewer translates the rendering canvas coordinates (which are 1024x768) into screen coordinates for several aspect ratios, allowing you (or your users) to see a realtime simulation of where on the screen the canvas coordinates would cause a UI element to appear.
		</text>
	</string>	

	<string id="preview_demo_header2">
		<text>
		See the comments in this demo menu script (pos_previewer_demo_mcm) as well as the main previewer script (pos_previewer_mcm) for more details on how to customize its behavior and appearance.
		</text>
	</string>

	<string id="ui_mcm_pos_pre_demo_preview_pos_x">
		<text>X Coordinate (0 - 1024)</text>
	</string>

	<string id="ui_mcm_pos_pre_demo_preview_pos_y">
		<text>Y Coordinate (0 - 768)</text>
	</string>

	<string id="ui_mcm_pos_pre_demo_preview_aspect">
		<text>Aspect ratio for the screen preview</text>
	</string>

	<string id="ui_mcm_lst_pospre_aspect_4_3">
		<text>4:3 (Standard Definition)</text>
	</string>

	<string id="ui_mcm_lst_pospre_aspect_16_10">
		<text>16:10 (1920x1200, 2560x1600)</text>
	</string>

	<string id="ui_mcm_lst_pospre_aspect_16_9">
		<text>16:9 (1080p, 1440p, 2160p)</text>
	</string>

	<string id="ui_mcm_lst_pospre_aspect_21_9">
		<text>21:9 (Ultrawide)</text>
	</string>
</string_table>