<!--
**  Milspec PDA
**  Author: Catspaw (CatspawMods @ ModDB)
**  Source: https://www.moddb.com/members/catspawmods/addons
**  Version: 1.4
**  Updated: 20230510
<!-- See below for merge/conflict instructions. You need to do two things. -->

	<enemy_location hint="enemy" no_offline="1">
		<mini_map  spot="enemy_mini_spot"/>
	</enemy_location>

	<neutral_location hint="neutral">
		<mini_map  spot="neutral_mini_spot"/>
	</neutral_location>

	<friend_location hint="friend">
		<mini_map  spot="friend_mini_spot"/>
	</friend_location>

	<deadbody_location hint="deadbody">
		<level_map spot="deadbody_pda_spot"/>
		<mini_map  spot="deadbody_pda_spot"/>
	</deadbody_location>

<!-- First, copy this line over to your file: -->
	<enemy_mini_spot width="7" height="7" stretch="1" alignment="c" >
<!-- Alternatively, make sure that enemy_mini_spot's width and height 
	are both set to "7" in your file.
	
	Next, scroll down to the marked line below. -->
	
		<texture r="255" g="0" b="0">ui_mmap_common_actor</texture>
	</enemy_mini_spot>

	<neutral_mini_spot width="7" height="7" stretch="1" alignment="c">
		<texture r="255" g="200" b="0">ui_mmap_common_actor</texture>
	</neutral_mini_spot>

	<friend_mini_spot width="7" height="7" stretch="1" alignment="c">
		<texture r="50" g="255" b="0">ui_mmap_common_actor</texture>
	</friend_mini_spot>
	
	<deadbody_pda_spot width="7" height="7" stretch="1" alignment="c" location_level="5">
		<texture r="50" g="195" b="255">ui_mmap_common_actor</texture>
	</deadbody_pda_spot>

<!-- ======================================================================
	Second, copy EVERYTHING after this line into the end of your file.
	These are all added and required by Milspec PDA.
	====================================================================-->

	<deadbody_location_sdot hint="deadbody_sdot">
		<level_map spot="deadbody_pda_spot_sdot"/>
		<mini_map  spot="deadbody_mini_spot_sdot"/>
	</deadbody_location_sdot>

	<deadbody_location_mdot hint="deadbody_mdot">
		<level_map spot="deadbody_pda_spot_mdot"/>
		<mini_map  spot="deadbody_mini_spot_mdot"/>
	</deadbody_location_mdot>
	
	<deadbody_location_ldot hint="deadbody_ldot">
		<level_map spot="deadbody_pda_spot_ldot"/>
		<mini_map  spot="deadbody_mini_spot_ldot"/>
	</deadbody_location_ldot>

	<deadbody_location_skul hint="deadbody_skul">
		<level_map spot="deadbody_pda_spot_skull"/>
		<mini_map  spot="deadbody_mini_spot_skull"/>
	</deadbody_location_skul>

	<deadbody_location_whtx hint="deadbody_whtx">
		<level_map spot="deadbody_pda_spot_whtx"/>
		<mini_map  spot="deadbody_mini_spot_whtx"/>
	</deadbody_location_whtx>

	<deadbody_mini_spot_sdot width="7" height="7" stretch="1" alignment="c" location_level="5">
		<texture r="50" g="195" b="255">ui_mmap_common_actor</texture>
	</deadbody_mini_spot_sdot>

	<deadbody_mini_spot_mdot width="8" height="8" stretch="1" alignment="c" location_level="5">
		<texture r="50" g="195" b="255">ui_mmap_common_actor</texture>
	</deadbody_mini_spot_mdot>

	<deadbody_mini_spot_ldot width="9" height="9" stretch="1" alignment="c" location_level="5">
		<texture r="50" g="195" b="255">ui_mmap_common_actor</texture>
	</deadbody_mini_spot_ldot>

	<deadbody_pda_spot_sdot width="8" height="8" stretch="1" alignment="c" location_level="5">
		<texture r="50" g="195" b="255">ui_mmap_common_actor</texture>
	</deadbody_pda_spot_sdot>

	<deadbody_pda_spot_mdot width="9" height="9" stretch="1" alignment="c" location_level="5">
		<texture r="50" g="195" b="255">ui_mmap_common_actor</texture>
	</deadbody_pda_spot_mdot>

	<deadbody_pda_spot_ldot width="10" height="10" stretch="1" alignment="c" location_level="5">
		<texture r="50" g="195" b="255">ui_mmap_common_actor</texture>
	</deadbody_pda_spot_ldot>

	<deadbody_pda_spot_skull width="9" height="11" stretch="0" alignment="c" location_level="5">
		<texture>ui_mapspot_skull_large</texture>
	</deadbody_pda_spot_skull>

	<deadbody_mini_spot_skull width="7" height="9" stretch="0" alignment="c">
		<texture>ui_mapspot_skull_small</texture>
	</deadbody_mini_spot_skull>

	<deadbody_mini_spot_whtx width="7" height="7" stretch="0" alignment="c">
		<texture>ui_AlphaLion_XCorpseMarker-small</texture>
	</deadbody_mini_spot_whtx>

	<deadbody_pda_spot_whtx width="9" height="9" stretch="0" alignment="c" location_level="5">
		<texture>ui_AlphaLion_XCorpseMarker-large</texture>
	</deadbody_pda_spot_whtx>
