<!-- ====================================================================
	Personal Adjustable Waypoint
    Author: Catspaw
    Source: https://www.moddb.com/members/catspawmods/addons
    Version: 1.0

    Permission granted to freely translate into any language.
===================================================================== -->

<string_table>
	<string id="st_paw_waypoint_set">
		<text>Set waypoint here</text>
	</string>
	<string id="st_paw_waypoint_mov">
		<text>Move waypoint here</text>
	</string>
	<string id="st_paw_waypoint_rem">
		<text>Remove current waypoint</text>
	</string>
	<string id="st_paw_placed_waypoint">
		<text>Placed Waypoint</text>
	</string>
	<string id="st_paw_proceed">
		<text>Proceed to your chosen waypoint</text>
	</string>
</string_table>