<!--
**  Military PDA
**  Author: Catspaw (CatspawMods @ ModDB)
**  Source: https://www.moddb.com/members/catspawmods/addons
**  Version: 1.0
**  Updated: 20230506
	Contents: Texture definitions. You probably shouldn't 
	mess with this unless you know what you're doing.
-->
<w>
	<file name ="ui\ui_icons_milpda">
		<texture id = "ui_icons_item_milpda" x="0" y="0" width="50" height="50" />
		<texture id="ui_options_slider_blacklist" x="0" y="212" width="512" height="50" />
		<texture id="ui_options_slider_cfg_pda_1" x="0" y="262" width="512" height="50" />
		<texture id="ui_options_slider_cfg_pda_2" x="0" y="312" width="512" height="50" />
		<texture id="ui_options_slider_cfg_pda_3" x="0" y="362" width="512" height="50" />
		<texture id="ui_options_slider_cfg_pda_milspec" x="0" y="412" width="512" height="50" />
		<texture id="ui_options_slider_milpda" x="0" y="462" width="512" height="50" />
	</file>
</w>