<!-- ======================================================================
	Milspec PDA
	Author: Catspaw (CatspawMods @ ModDB)
	Source: https://www.moddb.com/mods/stalker-anomaly/addons/milspec-pda-for-anomaly-151-152-and-gamma
	Version: 1.5
	Updated: 20230511

	You do NOT need my copy of this file if (and only if):
	1. You do not want to display enemy mapspots, AND
	2. You are not going to enable the Kill Tracker feature

	If BOTH of these are true, you can safely ignore this file.

	See below for merge/conflict instructions. You need to do THREE things.
	====================================================================-->

	<enemy_location hint="enemy" no_offline="1">
		<mini_map  spot="enemy_mini_spot"/>
	</enemy_location>

	<neutral_location hint="neutral">
		<mini_map  spot="neutral_mini_spot"/>
	</neutral_location>

	<friend_location hint="friend">
		<mini_map  spot="friend_mini_spot"/>
	</friend_location>

	<deadbody_location hint="deadbody">
		<mini_map  spot="deadbody_mini_spot"/>
	</deadbody_location>


	<enemy_mini_spot width="7" height="7" stretch="1" alignment="c" >
<!-- ======================================================================
	Step 1: find "enemy_mini_spot" in your file, and replace that line with the one above.

	Alternatively, edit your own file to make sure that enemy_mini_spot's width and height are both set to "7". Nothing will crash if this isn't done, but enemy mapspots will never appear. If that's what you want, you can ignore this step.
	====================================================================-->

		<texture r="255" g="0" b="0">ui_mmap_common_actor</texture>
	</enemy_mini_spot>

	<neutral_mini_spot width="7" height="7" stretch="1" alignment="c">
		<texture r="255" g="200" b="0">ui_mmap_common_actor</texture>
	</neutral_mini_spot>

	<friend_mini_spot width="7" height="7" stretch="1" alignment="c">
		<texture r="50" g="255" b="0">ui_mmap_common_actor</texture>
	</friend_mini_spot>

	<deadbody_mini_spot width="0" height="0" stretch="1" alignment="c">
<!-- ======================================================================
	Step 2: find "deadbody_mini_spot" in your file, and replace that line with the one above.

	Alternatively, edit your own file to make sure that deadbody_mini_spot's 
	width and height are both set to "0". Nothing will crash if this isn't done, but you'll see duplicate dead body mapspots if you enable Kill Tracker.
	====================================================================-->

		<texture r="168" g="168" b="168">ui_mmap_common_actor</texture>
	</deadbody_mini_spot>

<!-- ======================================================================
	Finally, copy EVERYTHING after this comment into the end of your file.
	
	These are all required by the Kill Tracker feature.
	
	If you are never going to enable Kill Tracker, you don't need to do this, 
	just keep in mind that the script WILL crash if you try to enable Kill Tracker
	without them.
	====================================================================-->

	<deadbody_location_sdot hint="deadbody_sdot">
		<level_map spot="deadbody_pda_spot_sdot"/>
		<mini_map  spot="deadbody_mini_spot_sdot"/>
	</deadbody_location_sdot>

	<deadbody_location_mdot hint="deadbody_mdot">
		<level_map spot="deadbody_pda_spot_mdot"/>
		<mini_map  spot="deadbody_mini_spot_mdot"/>
	</deadbody_location_mdot>
	
	<deadbody_location_ldot hint="deadbody_ldot">
		<level_map spot="deadbody_pda_spot_ldot"/>
		<mini_map  spot="deadbody_mini_spot_ldot"/>
	</deadbody_location_ldot>

	<deadbody_location_skul hint="deadbody_skul">
		<level_map spot="deadbody_pda_spot_skull"/>
		<mini_map  spot="deadbody_mini_spot_skull"/>
	</deadbody_location_skul>

	<deadbody_location_whtx hint="deadbody_whtx">
		<level_map spot="deadbody_pda_spot_whtx"/>
		<mini_map  spot="deadbody_mini_spot_whtx"/>
	</deadbody_location_whtx>

	<deadbody_mini_spot_sdot width="7" height="7" stretch="1" alignment="c" location_level="5">
		<texture r="50" g="195" b="255">ui_mmap_common_actor</texture>
	</deadbody_mini_spot_sdot>

	<deadbody_mini_spot_mdot width="8" height="8" stretch="1" alignment="c" location_level="5">
		<texture r="50" g="195" b="255">ui_mmap_common_actor</texture>
	</deadbody_mini_spot_mdot>

	<deadbody_mini_spot_ldot width="9" height="9" stretch="1" alignment="c" location_level="5">
		<texture r="50" g="195" b="255">ui_mmap_common_actor</texture>
	</deadbody_mini_spot_ldot>

	<deadbody_pda_spot_sdot width="8" height="8" stretch="1" alignment="c" location_level="5">
		<texture r="50" g="195" b="255">ui_mmap_common_actor</texture>
	</deadbody_pda_spot_sdot>

	<deadbody_pda_spot_mdot width="9" height="9" stretch="1" alignment="c" location_level="5">
		<texture r="50" g="195" b="255">ui_mmap_common_actor</texture>
	</deadbody_pda_spot_mdot>

	<deadbody_pda_spot_ldot width="10" height="10" stretch="1" alignment="c" location_level="5">
		<texture r="50" g="195" b="255">ui_mmap_common_actor</texture>
	</deadbody_pda_spot_ldot>

	<deadbody_pda_spot_skull width="9" height="11" stretch="0" alignment="c" location_level="5">
		<texture>ui_mapspot_skull_large</texture>
	</deadbody_pda_spot_skull>

	<deadbody_mini_spot_skull width="7" height="9" stretch="0" alignment="c">
		<texture>ui_mapspot_skull_small</texture>
	</deadbody_mini_spot_skull>

	<deadbody_mini_spot_whtx width="7" height="7" stretch="0" alignment="c">
		<texture>ui_AlphaLion_XCorpseMarker-small</texture>
	</deadbody_mini_spot_whtx>

	<deadbody_pda_spot_whtx width="9" height="9" stretch="0" alignment="c" location_level="5">
		<texture>ui_AlphaLion_XCorpseMarker-large</texture>
	</deadbody_pda_spot_whtx>
