<string_table>
    <string id="ui_mcm_menu_faheo">
        <text>Actor Hit Effects</text>
    </string>
    <string id="ui_mcm_menu_faheo_hit_impact_effect">
        <text>Enable actor hit effects</text>
    </string>
    <string id="ui_mcm_menu_faheo_hit_impact_effect_desc">
        <text>If disabled, actor hit effects will not occur. Hit effects are the sharp camera movement and loss of control that occurs when hit by an attack. This setting is hardcoded to on in vanilla Anomaly.</text>
    </string>
</string_table>