<!--
**  Personal Adjustable Waypoint
**  Author: Catspaw (CatspawMods @ ModDB)
**  Version: 1.5
**  Updated: 20230522
	Contents: Texture definitions. You probably shouldn't 
	mess with this unless you know what you're doing.

-->
<w>
	<file name ="ui\paw\ui_icons_paw">

		<texture id = "ui_icons_paw_pin_stalker32" x="0" y="0" width="32" height="32" />

		<texture id = "ui_icons_paw_pin_redround32" x="32" y="0" width="32" height="32" />

		<texture id = "ui_icons_paw_pin_redmodern32" x="64" y="0" width="32" height="32" />

		<texture id = "ui_icons_paw_pin_redpush32" x="96" y="0" width="32" height="32" />

		<texture id = "ui_icons_paw_pin_yelpush32" x="128" y="0" width="32" height="32" />

		<texture id = "ui_icons_paw_pin_whtsimple32" x="160" y="0" width="32" height="32" />

		<texture id = "ui_icons_paw_pin_skull32" x="192" y="0" width="32" height="32" />

		<texture id = "ui_icons_paw_pin_stalker64" x="0" y="32" width="64" height="64" />

		<texture id = "ui_icons_paw_yelcircle256" x="480" y="0" width="256" height="256" />

		<texture id = "ui_icons_paw_yelcircle256" x="480" y="0" width="256" height="256" />

		<texture id = "ui_icons_paw_reticule256" x="736" y="0" width="256" height="256" />

		<texture id = "ui_icons_paw_reticule128" x="736" y="256" width="128" height="128" />

		<texture id = "ui_icons_paw_magnifier32" x="64" y="32" width="64" height="64" />

		<texture id = "ui_icons_paw_pin_bwhr_loot64" x="128" y="32" width="64" height="64" />

		<texture id = "ui_icons_paw_pin_bwhr_warn64" x="192" y="32" width="64" height="64" />

		<texture id = "ui_icons_paw_pin_bwhr_ak64" x="256" y="32" width="64" height="64" />

		<texture id = "ui_icons_paw_pin_bwhr_signal64" x="320" y="32" width="64" height="64" />

		<texture id = "ui_icons_paw_pin_bwhr_death64" x="384" y="32" width="64" height="64" />

		<texture id = "ui_icons_paw_pin_bwhr_ammo64" x="448" y="32" width="64" height="64" />

		<texture id = "ui_icons_paw_pin_bwhr_rad64" x="512" y="32" width="64" height="64" />

		<texture id = "ui_icons_paw_pin_bwhr_bio64" x="576" y="32" width="64" height="64" />

		<texture id = "ui_icons_paw_pin_bwhr_magn64" x="640" y="32" width="64" height="64" />

		<texture id = "ui_icons_paw_pin_bwhr_info64" x="704" y="32" width="64" height="64" />
		
		<texture id = "ui_icons_paw_ping_spot" x="768" y="32" width="64" height="64" />

		<texture id = "ui_icons_paw_ping_spot_alpha" x="832" y="32" width="64" height="64" />


	</file>

	<file name ="ui\ui_icon_equipment">
		<texture id = "ui_icons_paw_badge_army" x="0" y="50" width="50" height="50" />
		<texture id = "ui_icons_paw_badge_bandit" x="50" y="50" width="50" height="50" />
		<texture id = "ui_icons_paw_badge_csky" x="100" y="50" width="50" height="50" />
		<texture id = "ui_icons_paw_badge_dolg" x="150" y="50" width="50" height="50" />
		<texture id = "ui_icons_paw_badge_ecolog" x="200" y="50" width="50" height="50" />
		<texture id = "ui_icons_paw_badge_freedom" x="250" y="50" width="50" height="50" />
		<texture id = "ui_icons_paw_badge_killer" x="300" y="50" width="50" height="50" />
		<texture id = "ui_icons_paw_badge_monolith" x="350" y="50" width="50" height="50" />
		<texture id = "ui_icons_paw_badge_stalker" x="400" y="50" width="50" height="50" />
		<texture id = "ui_icons_paw_badge_isg" x="450" y="50" width="50" height="50" />
		<texture id = "ui_icons_paw_badge_greh" x="500" y="50" width="50" height="50" />
		<texture id = "ui_icons_paw_badge_renegade" x="550" y="50" width="50" height="50" />
	</file>

	<file name ="ui\paw\ui_icons_paw_body_marks">
		<texture id = "ui_icons_paw_badge_hr_stalker" 	x="0" y="384" width="64" height="64" />
		<texture id = "ui_icons_paw_badge_hr_bandit"	x="64" y="384" width="64" height="64" />
		<texture id = "ui_icons_paw_badge_hr_dolg" 		x="128" y="384" width="64" height="64" />
		<texture id = "ui_icons_paw_badge_hr_freedom" 	x="192" y="384" width="64" height="64" />
		<texture id = "ui_icons_paw_badge_hr_monolith"	x="256" y="384" width="64" height="64" />
		<texture id = "ui_icons_paw_badge_hr_isg" 		x="320" y="384" width="64" height="64" />

		<texture id = "ui_icons_paw_badge_hr_army" 		x="0" y="448" width="64" height="64" />
		<texture id = "ui_icons_paw_badge_hr_ecolog" 	x="64" y="448" width="64" height="64" />
		<texture id = "ui_icons_paw_badge_hr_csky" 		x="128" y="448" width="64" height="64" />
		<texture id = "ui_icons_paw_badge_hr_killer" 	x="192" y="448" width="64" height="64" />
		<texture id = "ui_icons_paw_badge_hr_renegade" 	x="256" y="448" width="64" height="64" />
		<texture id = "ui_icons_paw_badge_hr_greh" 		x="320" y="448" width="64" height="64" />
	
		<texture id = "ui_icons_paw_badge_uhr_stalker" 	x="0" y="0" width="128" height="128" />
		<texture id = "ui_icons_paw_badge_uhr_bandit" 	x="128" y="0" width="128" height="128" />
		<texture id = "ui_icons_paw_badge_uhr_dolg" 	x="256" y="0" width="128" height="128" />
		<texture id = "ui_icons_paw_badge_uhr_freedom" 	x="384" y="0" width="128" height="128" />

		<texture id = "ui_icons_paw_badge_uhr_army" 	x="0" y="128" width="128" height="128" />
		<texture id = "ui_icons_paw_badge_uhr_ecolog" 	x="128" y="128" width="128" height="128" />
		<texture id = "ui_icons_paw_badge_uhr_csky" 	x="256" y="128" width="128" height="128" />
		<texture id = "ui_icons_paw_badge_uhr_killer"	x="384" y="128" width="128" height="128" />

		<texture id = "ui_icons_paw_badge_uhr_monolith" x="0" y="256" width="128" height="128" />
		<texture id = "ui_icons_paw_badge_uhr_isg" 		x="128" y="256" width="128" height="128" />
		<texture id = "ui_icons_paw_badge_uhr_renegade" x="256" y="256" width="128" height="128" />
		<texture id = "ui_icons_paw_badge_uhr_greh" 	x="384" y="256" width="128" height="128" />

	</file>

</w>