<!-- ======================================================================
	Personal Adjustable Waypoint 
	Author: Catspaw (CatspawMods @ ModDB)
	Version: 1.5
	Updated: 20230522
===========================================================================
	Mapspot icon includes and runtime asset definitions
========================================================================-->

<!-- #include map_spots_paw_core_icons.xml -->

	<!-- Cartography Mode icon for smart terrain -->
	<paw_pin_magnifier32>
		<level_map spot="paw_pin_magnifier32_spot" point="quest_pointer"/>
		<mini_map spot="paw_pin_magnifier32_spot"/>
	</paw_pin_magnifier32>

	<paw_pin_magnifier32_spot width="20" height="20" alignment="c" stretch="0" scale="1" scale_min="1.0" scale_max="1.2">
		<texture>ui_icons_paw_magnifier32</texture>
	</paw_pin_magnifier32_spot>

	<!-- Cartography Mode icon for pings, opaque and semi-transparent -->
	<paw_ping ttl="5">
		<level_map spot="paw_ping_spot" point="quest_pointer"/>
		<mini_map spot="paw_ping_spot"/>
	</paw_ping>

	<paw_ping_spot width="12" height="12" alignment="c" stretch="0" scale="1" scale_min="1.0" scale_max="1.2">
		<texture>ui_icons_paw_ping_spot_alpha</texture>
	</paw_ping_spot>

	<paw_ping_alpha50 ttl="5">
		<level_map spot="paw_ping_spot" point="quest_pointer"/>
		<mini_map spot="paw_ping_spot"/>
	</paw_ping_alpha50>

	<paw_ping_alpha50_spot width="12" height="12" alignment="c" stretch="0" scale="1" scale_min="1.0" scale_max="1.2">
		<texture>ui_icons_paw_ping_spot_alpha</texture>
	</paw_ping_alpha50_spot>


	<!-- Old version smart terrain icon, not used but kept for compatibility -->
	<paw_smart_area>
		<level_map spot="paw_smart_area_spot" point="quest_pointer"/>
		<mini_map spot="paw_smart_area_spot_mini"/>
	</paw_smart_area>

	<paw_smart_area_spot width="64" height="64" alignment="c" stretch="0" scale="1" scale_min="1.0" scale_max="1.2">
		<texture>ui_icons_paw_yelcircle256</texture>
	</paw_smart_area_spot>

	<paw_smart_area_spot_mini width="50" height="50" alignment="c" stretch="0">
		<texture>ui_icons_paw_yelcircle256</texture>
	</paw_smart_area_spot_mini>


	<paw_pin_redpush32>
		<level_map spot="paw_pin_redpush32_spot" point="quest_pointer"/>
		<mini_map spot="paw_pin_redpush32_spot_mini"/>
	</paw_pin_redpush32>

	<paw_pin_redpush32_spot width="32" height="32" alignment="c" stretch="0" scale="1" scale_min="1.0" scale_max="1.2">
		<texture>ui_icons_paw_pin_redpush32</texture>
	</paw_pin_redpush32_spot>

	<paw_pin_redpush32_spot_mini width="32" height="32" alignment="c" stretch="0" scale="1" scale_min="1.0" scale_max="1.2">
		<texture>ui_icons_paw_pin_redpush32</texture>
	</paw_pin_redpush32_spot_mini>


	<paw_pin_redmodern32>
		<level_map spot="paw_pin_redmodern32_spot" point="quest_pointer"/>
		<mini_map spot="paw_pin_redmodern32_spot_mini"/>
	</paw_pin_redmodern32>

	<paw_pin_redmodern32_spot width="32" height="32" alignment="c" stretch="0" scale="1" scale_min="1.0" scale_max="1.2">
		<texture>ui_icons_paw_pin_redmodern32</texture>
	</paw_pin_redmodern32_spot>

	<paw_pin_redmodern32_spot_mini width="32" height="32" alignment="c" stretch="0" scale="1" scale_min="1.0" scale_max="1.2">
		<texture>ui_icons_paw_pin_redmodern32</texture>
	</paw_pin_redmodern32_spot_mini>


	<paw_pin_redround32>
		<level_map spot="paw_pin_redround32_spot" point="quest_pointer"/>
		<mini_map spot="paw_pin_redround32_spot_mini"/>
	</paw_pin_redround32>

	<paw_pin_redround32_spot width="32" height="32" alignment="c" stretch="0" scale="1" scale_min="1.0" scale_max="1.2">
		<texture>ui_icons_paw_pin_redround32</texture>
	</paw_pin_redround32_spot>

	<paw_pin_redround32_spot_mini width="32" height="32" alignment="c" stretch="0" scale="1" scale_min="1.0" scale_max="1.2">
		<texture>ui_icons_paw_pin_redround32</texture>
	</paw_pin_redround32_spot_mini>


	<paw_pin_stalker32>
		<level_map spot="paw_pin_stalker32_spot" point="quest_pointer"/>
		<mini_map spot="paw_pin_stalker32_spot_mini"/>
	</paw_pin_stalker32>

	<paw_pin_stalker32_spot width="32" height="32" alignment="c" stretch="0" scale="1" scale_min="1.0" scale_max="1.2">
		<texture>ui_icons_paw_pin_stalker64</texture>
	</paw_pin_stalker32_spot>

	<paw_pin_stalker32_spot_mini width="32" height="32" alignment="c" stretch="0" scale="1" scale_min="1.0" scale_max="1.2">
		<texture>ui_icons_paw_pin_stalker64</texture>
	</paw_pin_stalker32_spot_mini>


	<paw_pin_yelpush32>
		<level_map spot="paw_pin_yelpush32_spot" point="quest_pointer"/>
		<mini_map spot="paw_pin_yelpush32_spot_mini"/>
	</paw_pin_yelpush32>

	<paw_pin_yelpush32_spot width="32" height="32" alignment="c" stretch="0" scale="1" scale_min="1.0" scale_max="1.2">
		<texture>ui_icons_paw_pin_yelpush32</texture>
	</paw_pin_yelpush32_spot>

	<paw_pin_yelpush32_spot_mini width="32" height="32" alignment="c" stretch="0" scale="1" scale_min="1.0" scale_max="1.2">
		<texture>ui_icons_paw_pin_yelpush32</texture>
	</paw_pin_yelpush32_spot_mini>	


	<paw_pin_whtsimple32>
		<level_map spot="paw_pin_whtsimple32_spot" point="quest_pointer"/>
		<mini_map spot="paw_pin_whtsimple32_spot_mini"/>
	</paw_pin_whtsimple32>

	<paw_pin_whtsimple32_spot width="32" height="32" alignment="c" stretch="0" scale="1" scale_min="1.0" scale_max="1.2">
		<texture>ui_icons_paw_pin_whtsimple32</texture>
	</paw_pin_whtsimple32_spot>

	<paw_pin_whtsimple32_spot_mini width="32" height="32" alignment="c" stretch="0" scale="1" scale_min="1.0" scale_max="1.2">
		<texture>ui_icons_paw_pin_whtsimple32</texture>
	</paw_pin_whtsimple32_spot_mini>

<!-- ======================================================================
	Faction badge icons - low-res, same as used for patches in inv
========================================================================-->

	<paw_badge_army>
		<level_map spot="paw_badge_army_spot" point="quest_pointer"/>
		<mini_map spot="paw_badge_army_spot"/>
	</paw_badge_army>

	<paw_badge_army_spot width="24" height="24" alignment="c" stretch="0" scale="1" scale_min="1.0" scale_max="1.2">
		<texture>ui_icons_paw_badge_army</texture>
	</paw_badge_army_spot>

	<paw_badge_bandit>
		<level_map spot="paw_badge_bandit_spot" point="quest_pointer"/>
		<mini_map spot="paw_badge_bandit_spot"/>
	</paw_badge_bandit>

	<paw_badge_bandit_spot width="24" height="24" alignment="c" stretch="0" scale="1" scale_min="1.0" scale_max="1.2">
		<texture>ui_icons_paw_badge_bandit</texture>
	</paw_badge_bandit_spot>

	<paw_badge_csky>
		<level_map spot="paw_badge_csky_spot" point="quest_pointer"/>
		<mini_map spot="paw_badge_csky_spot"/>
	</paw_badge_csky>

	<paw_badge_csky_spot width="24" height="24" alignment="c" stretch="0" scale="1" scale_min="1.0" scale_max="1.2">
		<texture>ui_icons_paw_badge_csky</texture>
	</paw_badge_csky_spot>

		<paw_badge_dolg>
		<level_map spot="paw_badge_dolg_spot" point="quest_pointer"/>
		<mini_map spot="paw_badge_dolg_spot"/>
	</paw_badge_dolg>

	<paw_badge_dolg_spot width="24" height="24" alignment="c" stretch="0" scale="1" scale_min="1.0" scale_max="1.2">
		<texture>ui_icons_paw_badge_dolg</texture>
	</paw_badge_dolg_spot>

	<paw_badge_ecolog>
		<level_map spot="paw_badge_" point="quest_pointer"/>
		<mini_map spot="paw_badge_ecolog_spot"/>
	</paw_badge_ecolog>

	<paw_badge_ecolog_spot width="24" height="24" alignment="c" stretch="0" scale="1" scale_min="1.0" scale_max="1.2">
		<texture>ui_icons_paw_badge_ecolog</texture>
	</paw_badge_ecolog_spot>

	<paw_badge_freedom>
		<level_map spot="paw_badge_freedom_spot" point="quest_pointer"/>
		<mini_map spot="paw_badge_freedom_spot"/>
	</paw_badge_freedom>

	<paw_badge_freedom_spot width="24" height="24" alignment="c" stretch="0" scale="1" scale_min="1.0" scale_max="1.2">
		<texture>ui_icons_paw_badge_freedom</texture>
	</paw_badge_freedom_spot>

	<paw_badge_killer>
		<level_map spot="paw_badge_killer_spot" point="quest_pointer"/>
		<mini_map spot="paw_badge_killer_spot"/>
	</paw_badge_killer>

	<paw_badge_killer_spot width="24" height="24" alignment="c" stretch="0" scale="1" scale_min="1.0" scale_max="1.2">
		<texture>ui_icons_paw_badge_killer</texture>
	</paw_badge_killer_spot>

	<paw_badge_monolith>
		<level_map spot="paw_badge_monolith_spot" point="quest_pointer"/>
		<mini_map spot="paw_badge_monolith_spot"/>
	</paw_badge_monolith>

	<paw_badge_monolith_spot width="24" height="24" alignment="c" stretch="0" scale="1" scale_min="1.0" scale_max="1.2">
		<texture>ui_icons_paw_badge_monolith</texture>
	</paw_badge_monolith_spot>

	<paw_badge_stalker>
		<level_map spot="paw_badge_stalker_spot" point="quest_pointer"/>
		<mini_map spot="paw_badge_stalker_spot"/>
	</paw_badge_stalker>

	<paw_badge_stalker_spot width="24" height="24" alignment="c" stretch="0" scale="1" scale_min="1.0" scale_max="1.2">
		<texture>ui_icons_paw_badge_stalker</texture>
	</paw_badge_stalker_spot>

	<paw_badge_greh>
		<level_map spot="paw_badge_greh_spot" point="quest_pointer"/>
		<mini_map spot="paw_badge_greh_spot"/>
	</paw_badge_greh>

	<paw_badge_greh_spot width="24" height="24" alignment="c" stretch="0" scale="1" scale_min="1.0" scale_max="1.2">
		<texture>ui_icons_paw_badge_greh</texture>
	</paw_badge_greh_spot>

	<paw_badge_isg>
		<level_map spot="paw_badge_isg_spot" point="quest_pointer"/>
		<mini_map spot="paw_badge_isg_spot"/>
	</paw_badge_isg>

	<paw_badge_isg_spot width="24" height="24" alignment="c" stretch="0" scale="1" scale_min="1.0" scale_max="1.2">
		<texture>ui_icons_paw_badge_isg</texture>
	</paw_badge_isg_spot>

	<paw_badge_renegade>
		<level_map spot="paw_badge_renegade_spot" point="quest_pointer"/>
		<mini_map spot="paw_badge_renegade_spot"/>
	</paw_badge_renegade>

	<paw_badge_renegade_spot width="24" height="24" alignment="c" stretch="0" scale="1" scale_min="1.0" scale_max="1.2">
		<texture>ui_icons_paw_badge_renegade</texture>
	</paw_badge_renegade_spot>

<!-- ======================================================================
	Hi-res BW icons - custom-made for PAW
========================================================================-->

	<paw_bwhr_loot>
		<level_map spot="paw_bwhr_loot_spot" point="quest_pointer"/>
		<mini_map spot="paw_bwhr_loot_spot"/>
	</paw_bwhr_loot>

	<paw_bwhr_loot_spot width="24" height="24" alignment="c" stretch="0" scale="1" scale_min="1.0" scale_max="1.2">
		<texture>ui_icons_paw_pin_bwhr_loot64</texture>
	</paw_bwhr_loot_spot>

	<paw_bwhr_warn>
		<level_map spot="paw_bwhr_warn_spot" point="quest_pointer"/>
		<mini_map spot="paw_bwhr_warn_spot"/>
	</paw_bwhr_warn>

	<paw_bwhr_warn_spot width="24" height="24" alignment="c" stretch="0" scale="1" scale_min="1.0" scale_max="1.2">
		<texture>ui_icons_paw_pin_bwhr_warn64</texture>
	</paw_bwhr_warn_spot>

	<paw_bwhr_ak>
		<level_map spot="paw_bwhr_ak_spot" point="quest_pointer"/>
		<mini_map spot="paw_bwhr_ak_spot"/>
	</paw_bwhr_ak>

	<paw_bwhr_ak_spot width="24" height="24" alignment="c" stretch="0" scale="1" scale_min="1.0" scale_max="1.2">
		<texture>ui_icons_paw_pin_bwhr_ak64</texture>
	</paw_bwhr_ak_spot>

	<paw_bwhr_signal>
		<level_map spot="paw_bwhr_signal_spot" point="quest_pointer"/>
		<mini_map spot="paw_bwhr_signal_spot"/>
	</paw_bwhr_signal>

	<paw_bwhr_signal_spot width="24" height="24" alignment="c" stretch="0" scale="1" scale_min="1.0" scale_max="1.2">
		<texture>ui_icons_paw_pin_bwhr_signal64</texture>
	</paw_bwhr_signal_spot>

	<paw_bwhr_death>
		<level_map spot="paw_bwhr_death_spot" point="quest_pointer"/>
		<mini_map spot="paw_bwhr_death_spot"/>
	</paw_bwhr_death>

	<paw_bwhr_death_spot width="24" height="24" alignment="c" stretch="0" scale="1" scale_min="1.0" scale_max="1.2">
		<texture>ui_icons_paw_pin_bwhr_death64</texture>
	</paw_bwhr_death_spot>

	<paw_bwhr_ammo>
		<level_map spot="paw_bwhr_ammo_spot" point="quest_pointer"/>
		<mini_map spot="paw_bwhr_ammo_spot"/>
	</paw_bwhr_ammo>

	<paw_bwhr_ammo_spot width="24" height="24" alignment="c" stretch="0" scale="1" scale_min="1.0" scale_max="1.2">
		<texture>ui_icons_paw_pin_bwhr_ammo64</texture>
	</paw_bwhr_ammo_spot>

	<paw_bwhr_rad>
		<level_map spot="paw_bwhr_rad_spot" point="quest_pointer"/>
		<mini_map spot="paw_bwhr_rad_spot"/>
	</paw_bwhr_rad>

	<paw_bwhr_rad_spot width="24" height="24" alignment="c" stretch="0" scale="1" scale_min="1.0" scale_max="1.2">
		<texture>ui_icons_paw_pin_bwhr_rad64</texture>
	</paw_bwhr_rad_spot>

	<paw_bwhr_info>
		<level_map spot="paw_bwhr_info_spot" point="quest_pointer"/>
		<mini_map spot="paw_bwhr_info_spot"/>
	</paw_bwhr_info>

	<paw_bwhr_info_spot width="24" height="24" alignment="c" stretch="0" scale="1" scale_min="1.0" scale_max="1.2">
		<texture>ui_icons_paw_pin_bwhr_info64</texture>
	</paw_bwhr_info_spot>

	<paw_bwhr_magn>
		<level_map spot="paw_bwhr_magn_spot" point="quest_pointer"/>
		<mini_map spot="paw_bwhr_magn_spot"/>
	</paw_bwhr_magn>

	<paw_bwhr_magn_spot width="24" height="24" alignment="c" stretch="0" scale="1" scale_min="1.0" scale_max="1.2">
		<texture>ui_icons_paw_pin_bwhr_magn64</texture>
	</paw_bwhr_magn_spot>

	<paw_bwhr_bio>
		<level_map spot="paw_bwhr_bio_spot" point="quest_pointer"/>
		<mini_map spot="paw_bwhr_bio_spot"/>
	</paw_bwhr_bio>

	<paw_bwhr_bio_spot width="24" height="24" alignment="c" stretch="0" scale="1" scale_min="1.0" scale_max="1.2">
		<texture>ui_icons_paw_pin_bwhr_bio64</texture>
	</paw_bwhr_bio_spot>

<!-- ======================================================================
	Hi-res Faction badge icons - 64x64 source image
========================================================================-->

	<paw_badge_hr_army>
		<level_map spot="paw_badge_hr_army_spot" point="quest_pointer"/>
		<mini_map spot="paw_badge_hr_army_spot"/>
	</paw_badge_hr_army>

	<paw_badge_hr_army_spot width="24" height="24" alignment="c" stretch="0" scale="1" scale_min="1.0" scale_max="1.2">
		<texture>ui_icons_paw_badge_hr_army</texture>
	</paw_badge_hr_army_spot>

	<paw_badge_hr_bandit>
		<level_map spot="paw_badge_hr_bandit_spot" point="quest_pointer"/>
		<mini_map spot="paw_badge_hr_bandit_spot"/>
	</paw_badge_hr_bandit>

	<paw_badge_hr_bandit_spot width="24" height="24" alignment="c" stretch="0" scale="1" scale_min="1.0" scale_max="1.2">
		<texture>ui_icons_paw_badge_hr_bandit</texture>
	</paw_badge_hr_bandit_spot>

	<paw_badge_hr_csky>
		<level_map spot="paw_badge_hr_csky_spot" point="quest_pointer"/>
		<mini_map spot="paw_badge_hr_csky_spot"/>
	</paw_badge_hr_csky>

	<paw_badge_hr_csky_spot width="24" height="24" alignment="c" stretch="0" scale="1" scale_min="1.0" scale_max="1.2">
		<texture>ui_icons_paw_badge_hr_csky</texture>
	</paw_badge_hr_csky_spot>

		<paw_badge_hr_dolg>
		<level_map spot="paw_badge_hr_dolg_spot" point="quest_pointer"/>
		<mini_map spot="paw_badge_hr_dolg_spot"/>
	</paw_badge_hr_dolg>

	<paw_badge_hr_dolg_spot width="24" height="24" alignment="c" stretch="0" scale="1" scale_min="1.0" scale_max="1.2">
		<texture>ui_icons_paw_badge_hr_dolg</texture>
	</paw_badge_hr_dolg_spot>

	<paw_badge_hr_ecolog>
		<level_map spot="paw_badge_hr_" point="quest_pointer"/>
		<mini_map spot="paw_badge_hr_ecolog_spot"/>
	</paw_badge_hr_ecolog>

	<paw_badge_hr_ecolog_spot width="24" height="24" alignment="c" stretch="0" scale="1" scale_min="1.0" scale_max="1.2">
		<texture>ui_icons_paw_badge_hr_ecolog</texture>
	</paw_badge_hr_ecolog_spot>

	<paw_badge_hr_freedom>
		<level_map spot="paw_badge_hr_freedom_spot" point="quest_pointer"/>
		<mini_map spot="paw_badge_hr_freedom_spot"/>
	</paw_badge_hr_freedom>

	<paw_badge_hr_freedom_spot width="24" height="24" alignment="c" stretch="0" scale="1" scale_min="1.0" scale_max="1.2">
		<texture>ui_icons_paw_badge_hr_freedom</texture>
	</paw_badge_hr_freedom_spot>

	<paw_badge_hr_killer>
		<level_map spot="paw_badge_hr_killer_spot" point="quest_pointer"/>
		<mini_map spot="paw_badge_hr_killer_spot"/>
	</paw_badge_hr_killer>

	<paw_badge_hr_killer_spot width="24" height="24" alignment="c" stretch="0" scale="1" scale_min="1.0" scale_max="1.2">
		<texture>ui_icons_paw_badge_hr_killer</texture>
	</paw_badge_hr_killer_spot>

	<paw_badge_hr_monolith>
		<level_map spot="paw_badge_hr_monolith_spot" point="quest_pointer"/>
		<mini_map spot="paw_badge_hr_monolith_spot"/>
	</paw_badge_hr_monolith>

	<paw_badge_hr_monolith_spot width="24" height="24" alignment="c" stretch="0" scale="1" scale_min="1.0" scale_max="1.2">
		<texture>ui_icons_paw_badge_hr_monolith</texture>
	</paw_badge_hr_monolith_spot>

	<paw_badge_hr_stalker>
		<level_map spot="paw_badge_hr_stalker_spot" point="quest_pointer"/>
		<mini_map spot="paw_badge_hr_stalker_spot"/>
	</paw_badge_hr_stalker>

	<paw_badge_hr_stalker_spot width="24" height="24" alignment="c" stretch="0" scale="1" scale_min="1.0" scale_max="1.2">
		<texture>ui_icons_paw_badge_hr_stalker</texture>
	</paw_badge_hr_stalker_spot>

	<paw_badge_hr_greh>
		<level_map spot="paw_badge_hr_greh_spot" point="quest_pointer"/>
		<mini_map spot="paw_badge_hr_greh_spot"/>
	</paw_badge_hr_greh>

	<paw_badge_hr_greh_spot width="24" height="24" alignment="c" stretch="0" scale="1" scale_min="1.0" scale_max="1.2">
		<texture>ui_icons_paw_badge_hr_greh</texture>
	</paw_badge_hr_greh_spot>

	<paw_badge_hr_isg>
		<level_map spot="paw_badge_hr_isg_spot" point="quest_pointer"/>
		<mini_map spot="paw_badge_hr_isg_spot"/>
	</paw_badge_hr_isg>

	<paw_badge_hr_isg_spot width="24" height="24" alignment="c" stretch="0" scale="1" scale_min="1.0" scale_max="1.2">
		<texture>ui_icons_paw_badge_hr_isg</texture>
	</paw_badge_hr_isg_spot>

	<paw_badge_hr_renegade>
		<level_map spot="paw_badge_hr_renegade_spot" point="quest_pointer"/>
		<mini_map spot="paw_badge_hr_renegade_spot"/>
	</paw_badge_hr_renegade>

	<paw_badge_hr_renegade_spot width="24" height="24" alignment="c" stretch="0" scale="1" scale_min="1.0" scale_max="1.2">
		<texture>ui_icons_paw_badge_hr_renegade</texture>
	</paw_badge_hr_renegade_spot>

<!-- ======================================================================
	Ultra-hi-res Faction badge icons - 128x128px source image
========================================================================-->


	<paw_badge_uhr_army>
		<level_map spot="paw_badge_uhr_army_spot" point="quest_pointer"/>
		<mini_map spot="paw_badge_uhr_army_spot"/>
	</paw_badge_uhr_army>

	<paw_badge_uhr_army_spot width="24" height="24" alignment="c" stretch="0" scale="1" scale_min="1.0" scale_max="1.2">
		<texture>ui_icons_paw_badge_uhr_army</texture>
	</paw_badge_uhr_army_spot>

	<paw_badge_uhr_bandit>
		<level_map spot="paw_badge_uhr_bandit_spot" point="quest_pointer"/>
		<mini_map spot="paw_badge_uhr_bandit_spot"/>
	</paw_badge_uhr_bandit>

	<paw_badge_uhr_bandit_spot width="24" height="24" alignment="c" stretch="0" scale="1" scale_min="1.0" scale_max="1.2">
		<texture>ui_icons_paw_badge_uhr_bandit</texture>
	</paw_badge_uhr_bandit_spot>

	<paw_badge_uhr_csky>
		<level_map spot="paw_badge_uhr_csky_spot" point="quest_pointer"/>
		<mini_map spot="paw_badge_uhr_csky_spot"/>
	</paw_badge_uhr_csky>

	<paw_badge_uhr_csky_spot width="24" height="24" alignment="c" stretch="0" scale="1" scale_min="1.0" scale_max="1.2">
		<texture>ui_icons_paw_badge_uhr_csky</texture>
	</paw_badge_uhr_csky_spot>

		<paw_badge_uhr_dolg>
		<level_map spot="paw_badge_uhr_dolg_spot" point="quest_pointer"/>
		<mini_map spot="paw_badge_uhr_dolg_spot"/>
	</paw_badge_uhr_dolg>

	<paw_badge_uhr_dolg_spot width="24" height="24" alignment="c" stretch="0" scale="1" scale_min="1.0" scale_max="1.2">
		<texture>ui_icons_paw_badge_uhr_dolg</texture>
	</paw_badge_uhr_dolg_spot>

	<paw_badge_uhr_ecolog>
		<level_map spot="paw_badge_uhr_" point="quest_pointer"/>
		<mini_map spot="paw_badge_uhr_ecolog_spot"/>
	</paw_badge_uhr_ecolog>

	<paw_badge_uhr_ecolog_spot width="24" height="24" alignment="c" stretch="0" scale="1" scale_min="1.0" scale_max="1.2">
		<texture>ui_icons_paw_badge_uhr_ecolog</texture>
	</paw_badge_uhr_ecolog_spot>

	<paw_badge_uhr_freedom>
		<level_map spot="paw_badge_uhr_freedom_spot" point="quest_pointer"/>
		<mini_map spot="paw_badge_uhr_freedom_spot"/>
	</paw_badge_uhr_freedom>

	<paw_badge_uhr_freedom_spot width="24" height="24" alignment="c" stretch="0" scale="1" scale_min="1.0" scale_max="1.2">
		<texture>ui_icons_paw_badge_uhr_freedom</texture>
	</paw_badge_uhr_freedom_spot>

	<paw_badge_uhr_killer>
		<level_map spot="paw_badge_uhr_killer_spot" point="quest_pointer"/>
		<mini_map spot="paw_badge_uhr_killer_spot"/>
	</paw_badge_uhr_killer>

	<paw_badge_uhr_killer_spot width="24" height="24" alignment="c" stretch="0" scale="1" scale_min="1.0" scale_max="1.2">
		<texture>ui_icons_paw_badge_uhr_killer</texture>
	</paw_badge_uhr_killer_spot>

	<paw_badge_uhr_monolith>
		<level_map spot="paw_badge_uhr_monolith_spot" point="quest_pointer"/>
		<mini_map spot="paw_badge_uhr_monolith_spot"/>
	</paw_badge_uhr_monolith>

	<paw_badge_uhr_monolith_spot width="24" height="24" alignment="c" stretch="0" scale="1" scale_min="1.0" scale_max="1.2">
		<texture>ui_icons_paw_badge_uhr_monolith</texture>
	</paw_badge_uhr_monolith_spot>

	<paw_badge_uhr_stalker>
		<level_map spot="paw_badge_uhr_stalker_spot" point="quest_pointer"/>
		<mini_map spot="paw_badge_uhr_stalker_spot"/>
	</paw_badge_uhr_stalker>

	<paw_badge_uhr_stalker_spot width="24" height="24" alignment="c" stretch="0" scale="1" scale_min="1.0" scale_max="1.2">
		<texture>ui_icons_paw_badge_uhr_stalker</texture>
	</paw_badge_uhr_stalker_spot>

	<paw_badge_uhr_greh>
		<level_map spot="paw_badge_uhr_greh_spot" point="quest_pointer"/>
		<mini_map spot="paw_badge_uhr_greh_spot"/>
	</paw_badge_uhr_greh>

	<paw_badge_uhr_greh_spot width="24" height="24" alignment="c" stretch="0" scale="1" scale_min="1.0" scale_max="1.2">
		<texture>ui_icons_paw_badge_uhr_greh</texture>
	</paw_badge_uhr_greh_spot>

	<paw_badge_uhr_isg>
		<level_map spot="paw_badge_uhr_isg_spot" point="quest_pointer"/>
		<mini_map spot="paw_badge_uhr_isg_spot"/>
	</paw_badge_uhr_isg>

	<paw_badge_uhr_isg_spot width="24" height="24" alignment="c" stretch="0" scale="1" scale_min="1.0" scale_max="1.2">
		<texture>ui_icons_paw_badge_uhr_isg</texture>
	</paw_badge_uhr_isg_spot>

	<paw_badge_uhr_renegade>
		<level_map spot="paw_badge_uhr_renegade_spot" point="quest_pointer"/>
		<mini_map spot="paw_badge_uhr_renegade_spot"/>
	</paw_badge_uhr_renegade>

	<paw_badge_uhr_renegade_spot width="24" height="24" alignment="c" stretch="0" scale="1" scale_min="1.0" scale_max="1.2">
		<texture>ui_icons_paw_badge_uhr_renegade</texture>
	</paw_badge_uhr_renegade_spot>