<w>
	<pawhudind x="0" y="0" width="136" height="75"> 
		<head x="3" y="1" width="126" height="12" stretch="1">
			<text color="ui_gray_2" align="c" vert_align="c" stretch="1" font="arial_14"/>
		</head>
		<head2 x="3" y="7" width="126" height="12" stretch="1">
			<text r="255" g="255" b="255" align="c" vert_align="c" stretch="1" font="letterica16"/>
		</head2>
		<curr x="51" y="33" width="32" height="32" stretch="1"/>
		<prev x="9" y="36" width="24" height="24" stretch="1"/>
		<next x="102" y="36" width="24" height="24" stretch="1"/>
	</pawhudind>

	<pawhudind_vertleft x="0" y="0" width="100" height="154"> 
		<head x="5" y="3" width="100" height="12" stretch="1">
			<text color="ui_gray_2" align="l" vert_align="c" stretch="1" font="arial_14"/>
		</head>
		<head2 x="2000" y="2000" width="1" height="1" stretch="1" />
		<curr x="7" y="69" width="32" height="32" stretch="1"/>
		<prev x="10" y="121" width="24" height="24" stretch="1"/>
		<next x="10" y="26" width="24" height="24" stretch="1"/>
	</pawhudind_vertleft>

	<pawhudind_vertright x="0" y="0" width="100" height="154"> 
		<head x="-3" y="3" width="98" height="12" stretch="1">
			<text color="ui_gray_2" align="r" vert_align="c" stretch="1" font="arial_14"/>
		</head>
		<head2 x="2000" y="2000" width="1" height="1" stretch="1" />
		<curr x="61" y="69" width="32" height="32" stretch="1"/>
		<prev x="64" y="121" width="24" height="24" stretch="1"/>
		<next x="64" y="26" width="24" height="24" stretch="1"/>
	</pawhudind_vertright>

	<pawhudind_gamma_left x="0" y="0" width="130" height="150"> 
		<head x="5" y="3" width="124" height="12" stretch="1">
			<text r="255" g="255" b="255" align="l" vert_align="c" stretch="1" font="arial_14"/>
		</head>
		<head2 x="5" y="10" width="126" height="12" stretch="1">
			<text r="255" g="255" b="255" align="l" vert_align="c" stretch="1" font="letterica16"/>
		</head2>
		<curr x="8" y="76" width="32" height="32" stretch="1"/>
		<prev x="11" y="119" width="24" height="24" stretch="1"/>
		<next x="11" y="42" width="24" height="24" stretch="1"/>
	</pawhudind_gamma_left>

	<pawhudind_gamma_right x="0" y="0" width="130" height="150"> 
		<head x="1" y="3" width="124" height="12" stretch="1">
			<text r="255" g="255" b="255" align="r" vert_align="c" stretch="1" font="arial_14"/>
		</head>
		<head2 x="1" y="10" width="126" height="12" stretch="1">
			<text r="255" g="255" b="255" align="r" vert_align="c" stretch="1" font="letterica16"/>
		</head2>
		<curr x="96" y="76" width="32" height="32" stretch="1"/>
		<prev x="99" y="119" width="24" height="24" stretch="1"/>
		<next x="99" y="42" width="24" height="24" stretch="1"/>
	</pawhudind_gamma_right>

	<pawhudind_minimal_h x="0" y="0" width="94" height="52"> 
		<head x="1" y="2" width="90" height="12" stretch="1">
			<text color="ui_gray_1" align="c" vert_align="c" stretch="1" font="arial_14"/>
		</head>
		<head2 x="2000" y="2000" width="1" height="1" stretch="1" />
		<curr x="31" y="17" width="32" height="32" stretch="1"/>
		<prev x="3" y="18" width="24" height="24" stretch="1"/>
		<next x="67" y="18" width="24" height="24" stretch="1"/>
	</pawhudind_minimal_h>

	<pawhudind_minimal_v x="0" y="0" width="92" height="112"> 
		<head x="1" y="3" width="90" height="12" stretch="1">
			<text color="ui_gray_1" align="c" vert_align="c" stretch="1" font="arial_14"/>
		</head>
		<head2 x="2000" y="2000" width="1" height="1" stretch="1" />
		<curr x="58" y="47" width="32" height="32" stretch="1"/>
		<prev x="66" y="18" width="24" height="24" stretch="1"/>
		<next x="66" y="82" width="24" height="24" stretch="1"/>
	</pawhudind_minimal_v>	

	<pawhudind_minicom x="0" y="0" width="38" height="38"> 
		<head x="2000" y="2000" width="1" height="1" stretch="1">
			<text color="ui_gray_1" align="c" vert_align="c" stretch="1" font="arial_14"/>
		</head>
		<head2 x="2000" y="2000" width="1" height="1" stretch="1" />
		<curr x="3" y="3" width="32" height="32" stretch="1"/>
		<prev x="2000" y="2000" width="1" height="1" stretch="1"/>
		<next x="2000" y="2000" width="1" height="1" stretch="1"/>
	</pawhudind_minicom>

	<pawhudind_compact_noui x="0" y="0" width="32" height="32"> 
		<head x="2000" y="2000" width="1" height="1" stretch="1"/>
		<head2 x="2000" y="2000" width="1" height="1" stretch="1"/>
		<curr x="0" y="0" width="32" height="32" stretch="1"/>
		<prev x="2000" y="2000" width="1" height="1" stretch="1"/>
		<next x="2000" y="2000" width="1" height="1" stretch="1"/>
	</pawhudind_compact_noui>
</w>

