<!-- ====================================================================
    Text definitions for bugged_object_remover.script
===================================================================== -->
<?xml version="1.0" encoding="windows-1251"?>
<string_table>
    <string id="ui_mcm_menu_bugged_object_remover">
        <text>Object Cleanup</text>
    </string>

    <string id="ui_mcm_bugged_object_remover_enabled">
        <text>Enable removal of bugged objects on startup</text>
    </string>

    <string id="ui_mcm_bugged_object_remover_header">
        <text>When enabled, the script will look for a defined list of "bugged" objects each time a savegame is loaded, and delete them if found.</text>
    </string>

    <string id="st_bullet_point">
        <text>�</text>
    </string>

</string_table>