<w>
	<file name ="catsy\ui_timed_prompt">
		<texture id = "ui_catsy_tutorialprompt_faderight_frame" x="0" y="0" width="535" height="168" />

		<texture id = "ui_catsy_tutorialprompt_full_frame" x="0" y="168" width="535" height="168" />

		<texture id = "ui_catsy_tutorialprompt_noimg_frame" x="0" y="233" width="535" height="94" />

		<texture id = "ui_catsy_tutorialprompt_faderight_drop" x="0" y="336" width="535" height="168" />

		<texture id = "ui_catsy_tutorialprompt_full_drop" x="0" y="504" width="535" height="168" />

		<texture id = "ui_catsy_tutorialprompt_faderight_cfbg" x="0" y="672" width="535" height="168" />

		<texture id = "ui_catsy_tutorialprompt_full_cfbg" x="0" y="840" width="535" height="168" />

		<texture id = "ui_catsy_tutorialprompt_noimg_cfbg" x="0" y="905" width="535" height="94" />

		<texture id = "ui_catsy_keybind_bg_single_v4" x="540" y="0" width="128" height="128" />
		<texture id = "ui_catsy_keybind_bg_left_v4" x="574" y="0" width="34" height="128" />
		<texture id = "ui_catsy_keybind_bg_center_v4" x="574" y="0" width="60" height="128" />
		<texture id = "ui_catsy_keybind_bg_right_v4" x="634" y="0" width="34" height="128" />

		<texture id = "ui_catsy_keybind_mouse1" x="540" y="128" width="128" height="128"/>
		<texture id = "ui_catsy_keybind_mouse2" x="540" y="256" width="128" height="128"/>
		<texture id = "ui_catsy_keybind_mouse3" x="540" y="384" width="128" height="128"/>
		<texture id = "ui_catsy_keybind_mouse4" x="540" y="512" width="128" height="128"/>
		<texture id = "ui_catsy_keybind_mouse5" x="540" y="640" width="128" height="128"/>
		<texture id = "ui_catsy_keybind_mwheelup" x="540" y="768" width="128" height="128"/>
		<texture id = "ui_catsy_keybind_mwheeldn" x="540" y="896" width="128" height="128"/>

	</file>
</w>

