<!-- ====================================================================
	Personal Adjustable Waypoint
    Author: Catspaw
    Source: https://www.moddb.com/mods/stalker-anomaly/addons/personal-adjustable-waypoint-for-anomaly-151-152-and-gamma
    Version: 1.7.2

    Permission granted to freely translate into any language.
===================================================================== -->

<string_table>
	<string id="st_paw_waypoint_set">
		<text>Set waypoint here</text>
	</string>

	<string id="st_paw_waypoint_mov">
		<text>Move waypoint here</text>
	</string>

	<string id="st_paw_waypoint_del">
		<text>Remove current waypoint</text>
	</string>

	<string id="st_paw_placed_waypoint">
		<text>Placed Waypoint</text>
	</string>

	<string id="st_paw_proceed">
		<text>Proceed to your chosen waypoint</text>
	</string>

<!-- Added in 1.2 -->
	<string id="st_paw_missing_waypoint_error">
		<text>Placed waypoint was missing from current save, so the task was cancelled to avoid a crash. This is a safety catch and shouldn't happen again after your next save.</text>
	</string>

<!-- Added in 1.3 -->
	<string id ="ui_mcm_menu_pawsys">
		<text>Adjustable Waypoint</text>
	</string>

	<string id ="ui_mcm_menu_pawgen">
		<text>General Settings</text>
	</string>

	<string id ="ui_mcm_menu_pawpins">
		<text>Map Pins</text>
	</string>

	<string id ="ui_mcm_menu_pawmenu">
		<text>Context Menus</text>
	</string>

	<string id ="ui_mcm_menu_pawbinds">
		<text>Keybinds / Mouse</text>
	</string>

	<string id ="ui_mcm_pawsys_pawgen_enabled">
		<text>Enable Personal Adjustable Waypoint System</text>
	</string>

	<string id ="ui_mcm_pawsys_pawgen_uninstall_desc">
		<text>Enabling this option will clear all current waypoint data, remove all waypoint map markers, and cancel any active waypoint task.</text>
	</string>

	<string id ="ui_mcm_pawsys_pawgen_milpda">
		<text>Integrate with Milspec PDA addon</text>
	</string>

	<string id ="ui_mcm_pawsys_pawgen_milpda_desc">
		<text>Enables integration/compatibility with the Milspec PDA addon. \n\nhttps://www.moddb.com/mods/stalker-anomaly/addons/milspec-pda-for-anomaly-151-152-and-gamma</text>
	</string>

	<string id ="ui_mcm_pawsys_pawgen_debuglogs">
		<text>Enable debug logging</text>
	</string>

	<string id ="ui_mcm_pawsys_pawgen_debuglogs_desc">
		<text>For troubleshooting. If you encounter a crash or other issue with PAW, please:\n1. Enable this option\n2. Reproduce the issue\n3. Upload a copy of the log for me to examine\n\nWithout debug logging it is unlikely that your log will show anything useful.</text>
	</string>

	<string id="st_paw_pin_add">
		<text>Add pin to map here</text>
	</string>

	<string id="st_paw_pin_del">
		<text>Remove this pin</text>
	</string>

	<string id="st_paw_pin_ren">
		<text>Rename this pin</text>
	</string>

	<string id="st_paw_pin_dbg">
		<text>Remove all map icons from this spot</text>
	</string>

	<string id="st_paw_pin_clr">
		<text>Clear ALL of your pins - cannot be undone</text>
	</string>

	<string id = "ui_mcm_pawsys_pawbinds_bind_wptoggle">
		<text>Keypress to toggle the current active waypoint</text>
	</string>

	<string id = "ui_mcm_pawsys_pawbinds_bind_wptoggle_desc">
		<text>When pressed, this key will toggle off the current waypoint (if one is active), or reactivate the last waypoint if none is currently active. It has no effect if you haven't set a waypoint.</text>
	</string>

	<string id = "ui_mcm_pawsys_pawbinds_bind_quickpin">
		<text>Keypress to drop a Quick Pin</text>
	</string>

	<string id = "ui_mcm_pawsys_pawbinds_bind_quickpin_desc">
		<text>When pressed, this key will place a Quick Pin at the nearest valid smart terrain point to the player's current location.</text>
	</string>

	<string id = "ui_mcm_pawsys_pawbinds_bind_cartmode">
		<text>Key bind for Cartography Mode</text>
	</string>

	<string id = "ui_mcm_pawsys_pawbinds_bind_cartmode_desc">
		<text>While held, this key will enable Cartography Mode, which displays all valid smart terrain points and other tools allowing the player to set and manage their Pins. The default hold can be changed to a toggle.</text>
	</string>

	<string id ="ui_mcm_pawsys_pawpins_use_custom_pin_icon">
		<text>Use a custom mapspot icon for map pins</text>
	</string>

	<string id ="ui_mcm_pawsys_pawpins_use_custom_pin_icon_desc">
		<text>If enabled, PAW will attempt to use the specified mapspot ID for pin icons. Valid mapspots are in map_spots.xml or its includes. If you put something invalid here, it will probably crash your game. Use at your own risk.</text>
	</string>

	<string id ="ui_mcm_pawsys_pawpins_custom_pin_icon">
		<text>Custom mapspot ID to use</text>
	</string>

	<string id ="ui_mcm_pawsys_pawpins_custom_pin_icon_desc">
		<text>If you know the name of a valid mapspot ID from the mapspots files, enter it here. WARNING: invalid values will very likely crash your game. Reset it to "user_defined" if nothing else works; it's simple and easy to remember.</text>
	</string>

	<string id ="st_paw_pin_default_name">
		<text>Pinned Map Location</text>
	</string>

	<string id ="st_paw_pin_quick_name">
		<text>Quick Pin</text>
	</string>

	<string id ="st_paw_pin_dropped">
		<text>Quick pin dropped at current location</text>
	</string>

	<string id ="st_paw_pin_already">
		<text>You already have a pin at nearest smart %s</text>
	</string>

	<string id="ui_mcm_pawsys_pawgen_s_device_pda_1">
		<text>Enable Waypoint and Pin functionality on PDA 1.0</text>
	</string>

	<string id="ui_mcm_pawsys_pawgen_s_device_pda_1_desc">
		<text>If enabled, PDA 1.0 will be allowed to use all Waypoint and Pin functionality. If disabled, existing Pins will be preserved, but cannot be displayed until a compatible device is equipped.</text>
	</string>

	<string id="ui_mcm_pawsys_pawgen_s_device_pda_2">
		<text>Enable Waypoint and Pin functionality on PDA 2.0</text>
	</string>

	<string id="ui_mcm_pawsys_pawgen_s_device_pda_2_desc">
		<text>If enabled, PDA 2.0 will be allowed to use all Waypoint and Pin functionality.</text>
	</string>

	<string id="ui_mcm_pawsys_pawgen_s_device_pda_3">
		<text>Enable Waypoint and Pin functionality on PDA 3.1</text>
	</string>

	<string id="ui_mcm_pawsys_pawgen_s_device_pda_3_desc">
		<text>If enabled, PDA 3.1 will be allowed to use all Waypoint and Pin functionality. </text>
	</string>

	<string id="ui_mcm_pawsys_pawgen_s_device_pda_milspec">
		<text>Enable Waypoint and Pin functionality on the Milspec PDA</text>
	</string>

	<string id="ui_mcm_pawsys_pawgen_s_device_pda_milspec_desc">
		<text>If enabled, the Milspec PDA (if installed and available) will be allowed to use all Waypoint and Pin functionality. </text>
	</string>

	<string id="ui_mcm_pawsys_pawpins_poi_icon_pins">
		<text>Default icon for Pins</text>
	</string>

	<string id="ui_mcm_pawsys_pawpins_poi_icon_pins_desc">
		<text>When the Pins icon set is active, this option determines which icon is assigned to a map pin at the time it is created. Each map pin can have a different icon.</text>
	</string>

	<string id="ui_mcm_pawsys_pawpins_poi_icon_patches">
		<text>Default icon for Faction Patches</text>
	</string>

	<string id="ui_mcm_pawsys_pawpins_poi_icon_patches_desc">
		<text>When the Faction Patches icon set is active, this option determines which icon is assigned to a map pin at the time it is created. Each map pin can have a different icon.</text>
	</string>

	<string id="ui_mcm_pawsys_pawpins_poi_icon_bwhr">
		<text>Default icon for BW Hi-res POIs</text>
	</string>

	<string id="ui_mcm_pawsys_pawpins_poi_icon_bwhr_desc">
		<text>When the BW Hi-res POIs icon set is active, this option determines which icon is assigned to a map pin at the time it is created. Each map pin can have a different icon.</text>
	</string>

	<string id="ui_mcm_pawsys_pawpins_poi_icon_faves">
		<text>Default icon for Favorites (customize in icon_set_favorites.ltx)</text>
	</string>

	<string id="ui_mcm_pawsys_pawpins_poi_icon_faves_desc">
		<text>When the Favorites icon set is active, this option determines which icon is assigned to a map pin at the time it is created. Each map pin can have a different icon.\n\nNote: you can customize the Favorites, or any other icon set, by editing configs\scripts\paw\icon_set_*.ltx</text>
	</string>

	<string id="ui_mcm_lst_pawsys_pg_faves">
		<text>Favorites</text>
	</string>

	<string id="st_paw_no_last_wp">
		<text>There is no previous or active waypoint to toggle</text>
	</string>

	<string id="ui_mcm_lst_paw_pin_redround32">
		<text>Red Round Pin</text>
	</string>

	<string id="ui_mcm_lst_paw_pin_stalker32">
		<text>Stalker Cursor-style Pin</text>
	</string>

	<string id="ui_mcm_lst_paw_pin_redmodern32">
		<text>Modern GMaps-style Pin</text>
	</string>

	<string id="ui_mcm_lst_paw_pin_redpush32">
		<text>Red Push Pin</text>
	</string>

	<string id="ui_mcm_lst_paw_pin_yelpush32">
		<text>Yellow Push Pin</text>
	</string>

	<string id="ui_mcm_lst_paw_pin_whtsimple32">
		<text>White Minimalist</text>
	</string>

	<string id="ui_mcm_lst_paw_badge_stalker">
		<text>Loner</text>
	</string>
	<string id="ui_mcm_lst_paw_badge_army">
		<text>Military</text>
	</string>
	<string id="ui_mcm_lst_paw_badge_bandit">
		<text>Bandit</text>
	</string>
	<string id="ui_mcm_lst_paw_badge_csky">
		<text>Clear Sky</text>
	</string>
	<string id="ui_mcm_lst_paw_badge_dolg">
		<text>Duty</text>
	</string>
	<string id="ui_mcm_lst_paw_badge_ecolog">
		<text>Ecologist</text>
	</string>
	<string id="ui_mcm_lst_paw_badge_freedom">
		<text>Freedom</text>
	</string>
	<string id="ui_mcm_lst_paw_badge_killer">
		<text>Mercenary</text>
	</string>
	<string id="ui_mcm_lst_paw_badge_monolith">
		<text>Monolith</text>
	</string>
	<string id="ui_mcm_lst_paw_badge_greh">
		<text>Sin</text>
	</string>
	<string id="ui_mcm_lst_paw_badge_isg">
		<text>UNISG</text>
	</string>
	<string id="ui_mcm_lst_paw_badge_renegade">
		<text>Renegade</text>
	</string>
	<string id="ui_mcm_lst_pawsys_cmenu_cart">
		<text>Cartography Only</text>
	</string>
	<string id="ui_mcm_lst_pawsys_cmenu_norm">
		<text>Normal Only</text>
	</string>
	<string id="ui_mcm_lst_pawsys_cmenu_all">
		<text>Always</text>
	</string>
	<string id="ui_mcm_lst_pawsys_cmenu_off">
		<text>Disabled</text>
	</string>

	<string id="ui_mcm_pawsys_pawpins_pin_icon_group">
		<text>Active Pin icon set</text>
	</string>

	<string id="ui_mcm_pawsys_pawpins_pin_icon_group_desc">
		<text>Each set of icons below (e.g. Pins, Patches) has an icon that is currently selected in their drop-down list. This radio button determines which of those sets' icons will be used when placing any new pin.\n\nThe Favorites set will always be placed at the top of the list, and you can freely edit which icons it contains in:\n configs\scripts\paw\icon_set_faves.ltx.</text>
	</string>

	<string id="ui_mcm_lst_pawsys_pg_pins">
		<text>Pin-Style Icons</text>
	</string>

	<string id="ui_mcm_lst_pawsys_pg_patches">
		<text>Faction Patch Icons</text>
	</string>

	<string id="ui_mcm_pawsys_pawmenu_headertxt">
		<text>This menu allows you to customize PAW's in-game context menus. You can disable each of the following options to de-clutter your menu, or choose whether each of them appears Always, only when Cartography Mode is active, or only when it is not (Normal PDA view).</text>
	</string>
	<string id="ui_mcm_pawsys_pawmenu_wp_set">
		<text>Set Waypoint</text>
	</string>
	<string id="ui_mcm_pawsys_pawmenu_wp_mov">
		<text>Move Waypoint</text>
	</string>
	<string id="ui_mcm_pawsys_pawmenu_wp_del">
		<text>Remove Waypoint</text>
	</string>
	<string id="ui_mcm_pawsys_pawmenu_pn_add">
		<text>Add Pin</text>
	</string>
	<string id="ui_mcm_pawsys_pawmenu_pn_del">
		<text>Remove Pin</text>
	</string>
	<string id="ui_mcm_pawsys_pawmenu_pn_ren">
		<text>Rename Pin</text>
	</string>
	<string id="ui_mcm_pawsys_pawmenu_pn_clr">
		<text>Clear All Pins</text>
	</string>
	<string id="ui_mcm_pawsys_pawmenu_pn_spt">
		<text>Clear All at This Spot</text>
	</string>


<!-- Added in 1.4 -->
	<string id="ui_mcm_lst_pawsys_pg_bwhr">
		<text>BW Hi-res POIs</text>
	</string>

	<string id="ui_mcm_lst_paw_bwhr_info">
		<text>BWHR Info</text>
	</string>

	<string id="ui_mcm_lst_paw_bwhr_signal">
		<text>BWHR Signal Source</text>
	</string>

	<string id="ui_mcm_lst_paw_bwhr_loot">
		<text>BWHR Loot/Valuables</text>
	</string>

	<string id="ui_mcm_lst_paw_bwhr_death">
		<text>BWHR Danger</text>
	</string>

	<string id="ui_mcm_lst_paw_bwhr_ak">
		<text>BWHR Weapons</text>
	</string>

	<string id="ui_mcm_lst_paw_bwhr_ammo">
		<text>BWHR Ammo</text>
	</string>

	<string id="ui_mcm_lst_paw_bwhr_bio">
		<text>BWHR Biohazard</text>
	</string>

	<string id="ui_mcm_lst_paw_bwhr_rad">
		<text>BWHR Radiation</text>
	</string>

	<string id="ui_mcm_lst_paw_bwhr_warn">
		<text>BWHR Warning</text>
	</string>

	<string id="ui_mcm_lst_paw_bwhr_magn">
		<text>BWHR Magnifying Glass</text>
	</string>

<!-- Added in 1.5 -->

	<string id="ui_mcm_lst_paw_badge_hr_stalker">
		<text>HR Loner</text>
	</string>
	<string id="ui_mcm_lst_paw_badge_hr_army">
		<text>HR Military</text>
	</string>
	<string id="ui_mcm_lst_paw_badge_hr_bandit">
		<text>HR Bandit</text>
	</string>
	<string id="ui_mcm_lst_paw_badge_hr_csky">
		<text>HR Clear Sky</text>
	</string>
	<string id="ui_mcm_lst_paw_badge_hr_dolg">
		<text>HR Duty</text>
	</string>
	<string id="ui_mcm_lst_paw_badge_hr_ecolog">
		<text>HR Ecologist</text>
	</string>
	<string id="ui_mcm_lst_paw_badge_hr_freedom">
		<text>HR Freedom</text>
	</string>
	<string id="ui_mcm_lst_paw_badge_hr_killer">
		<text>HR Mercenary</text>
	</string>
	<string id="ui_mcm_lst_paw_badge_hr_monolith">
		<text>HR Monolith</text>
	</string>
	<string id="ui_mcm_lst_paw_badge_hr_greh">
		<text>HR Sin</text>
	</string>
	<string id="ui_mcm_lst_paw_badge_hr_isg">
		<text>HR UNISG</text>
	</string>
	<string id="ui_mcm_lst_paw_badge_hr_renegade">
		<text>HR Renegade</text>
	</string>

	<string id="ui_mcm_lst_paw_badge_uhr_stalker">
		<text>UHR Loner</text>
	</string>
	<string id="ui_mcm_lst_paw_badge_uhr_army">
		<text>UHR Military</text>
	</string>
	<string id="ui_mcm_lst_paw_badge_uhr_bandit">
		<text>UHR Bandit</text>
	</string>
	<string id="ui_mcm_lst_paw_badge_uhr_csky">
		<text>UHR Clear Sky</text>
	</string>
	<string id="ui_mcm_lst_paw_badge_uhr_dolg">
		<text>UHR Duty</text>
	</string>
	<string id="ui_mcm_lst_paw_badge_uhr_ecolog">
		<text>UHR Ecologist</text>
	</string>
	<string id="ui_mcm_lst_paw_badge_uhr_freedom">
		<text>UHR Freedom</text>
	</string>
	<string id="ui_mcm_lst_paw_badge_uhr_killer">
		<text>UHR Mercenary</text>
	</string>
	<string id="ui_mcm_lst_paw_badge_uhr_monolith">
		<text>UHR Monolith</text>
	</string>
	<string id="ui_mcm_lst_paw_badge_uhr_greh">
		<text>UHR Sin</text>
	</string>
	<string id="ui_mcm_lst_paw_badge_uhr_isg">
		<text>UHR UNISG</text>
	</string>
	<string id="ui_mcm_lst_paw_badge_uhr_renegade">
		<text>UHR Renegade</text>
	</string>

	<string id ="st_paw_pingspot">
		<text>Map Ping - Right-click to set waypoint or pin</text>
	</string>

	<string id ="ui_mcm_pawsys_pawmenu_mping">
		<text>Ping the map</text>
	</string>

	<string id ="ui_mcm_pawsys_pawgen_pingsound">
		<text>Play sound effect when pinging the map</text>
	</string>

<!-- Added in 1.6 -->

	<string id ="ui_mcm_pawsys_pawpins_milpda_body_icon">
		<text>Customize body icon used by Milspec PDA</text>
	</string>

	<string id ="ui_mcm_pawsys_pawpins_milpda_body_icon_desc">
		<text>This optional feature allows you configure the body marker icon used by Milspec PDA's Kill Tracker feature, if you have that addon installed.\n\nDisabled: MilPDA operates normally\n\nVictim Faction Patch: dead stalkers will have a faction patch for their body marker, all others use the default from the Body Markers set\n\nBody Markers set: MilPDA will use the current default icon from the Body Markers set for all bodies</text>
	</string>

	<string id ="ui_mcm_pawsys_pawpins_get_milpda">
		<text>Requires Milspec PDA 1.7.3 or higher:\nhttps://www.moddb.com/mods/stalker-anomaly/addons/milspec-pda-for-anomaly-151-152-and-gamma</text>
	</string>

	<string id ="ui_mcm_lst_pawsys_pg_bodies">
		<text>Body Markers</text>
	</string>

	<string id ="ui_mcm_pawsys_pawpins_poi_icon_bodies">
		<text>Default icon for Body Markers</text>
	</string>

	<string id ="ui_mcm_pawsys_pawpins_patch_res">
		<text>Resolution used for faction patches</text>
	</string>

	<string id ="ui_mcm_pawsys_pawpins_patch_res_desc">
		<text>This option determines which icon quality is used for faction patches: the low-res vanilla inventory icons, PAW's hi-res 64x64 patches, or 128x128 versions with a white outline. The low-res and hi-res mapspots are the same size; the UHR versions are about 25% bigger.</text>
	</string>

	<string id ="ui_mcm_lst_pawsys_cfg_badge_res">
		<text>Low-Res (vanilla inventory icon)</text>
	</string>

	<string id ="ui_mcm_lst_pawsys_cfg_badge_hr_res">
		<text>Hi-Res (from clean master)</text>
	</string>

	<string id ="ui_mcm_lst_pawsys_cfg_badge_uhr_res">
		<text>Ultra Hi-Res (with white outline)</text>
	</string>

	<string id ="ui_mcm_pawsys_pawpins_milpda_body_icon">
		<text>Customize body icon used by Milspec PDA</text>
	</string>

	<string id ="ui_mcm_lst_pawsys_cfg_bodyoff">
		<text>Disabled</text>
	</string>

	<string id ="ui_mcm_lst_pawsys_cfg_bodyfac">
		<text>Victim Faction Patch</text>
	</string>

	<string id ="ui_mcm_lst_pawsys_cfg_bodyset">
		<text>Body Markers set</text>
	</string>

	<string id ="ui_mcm_pawsys_pawmenu_wp_rename">
		<text>Rename waypoint</text>
	</string>

	<string id ="ui_mcm_pawsys_pawmenu_wp_redesc">
		<text>Change waypoint description</text>
	</string>

	<string id="ui_mcm_lst_paw_death_small">
		<text>Small BWHR Death </text>
	</string>

	<string id="ui_mcm_lst_paw_blue_circle">
		<text>Blue Circle</text>
	</string>

	<string id="ui_mcm_lst_paw_crosshair_white">
		<text>White Crosshairs</text>
	</string>

	<string id="ui_mcm_lst_paw_crosshair_red">
		<text>Red Crosshairs</text>
	</string>

	<string id="ui_mcm_lst_paw_crosshair_green">
		<text>Green Crosshairs</text>
	</string>

	<string id="ui_mcm_lst_paw_crosshair_green">
		<text>Green Crosshairs</text>
	</string>

	<string id="ui_mcm_lst_paw_stash_green">
		<text>Green Stash Icon</text>
	</string>

	<string id="ui_mcm_lst_paw_stash_white">
		<text>White Stash Icon</text>
	</string>

	<string id="ui_mcm_lst_paw_stash_purple">
		<text>Purple Stash Icon</text>
	</string>

	<string id="ui_mcm_lst_paw_stash_red">
		<text>Red Stash Icon</text>
	</string>

<!-- Added in 1.6.1 -->

	<string id ="ui_mcm_pawsys_pawgen_wipe_all">
		<text>Wipe all pin data</text>
	</string>

	<string id ="ui_mcm_pawsys_pawgen_wipe_all_desc">
		<text>Removes all pins from the map and wipes the pin database. This cannot be undone.</text>
	</string>

	<string id="ui_mcm_lst_deadbody_location_sdot">
		<text>[MPDA] Small Blue Dot</text>
	</string>

	<string id="ui_mcm_lst_deadbody_location_mdot">
		<text>[MPDA] Medium Blue Dot</text>
	</string>

	<string id="ui_mcm_lst_deadbody_location_ldot">
		<text>[MPDA] Large Blue Dot</text>
	</string>

	<string id="ui_mcm_lst_deadbody_location_whtx">
		<text>[MPDA] White X Mark</text>
	</string>

	<string id="ui_mcm_lst_deadbody_location_skul">
		<text>[MPDA] Small Plain Skull</text>
	</string>

	<string id="ui_mcm_pawsys_pawbinds_togglehold">
		<text>Behavior of the Cartography Mode keybind</text>
	</string>

	<string id="ui_mcm_lst_pawsys_toggle">
		<text>Toggle</text>
	</string>

	<string id="ui_mcm_lst_pawsys_hold">
		<text>Hold</text>
	</string>

<!-- Added in 1.7 -->

	<string id="ui_mcm_pawsys_pawbinds_mwheel_enabled">
		<text>Mouse wheel support (requires modded binaries)</text>
	</string>

	<string id="ui_mcm_pawsys_pawbinds_mwheel_enabled_desc">
		<text>When enabled, the mouse wheel can be scrolled up and down to cycle through the active icons or sets.\n
		This feature requires modded binaries version 20230701 or newer.</text>
	</string>

	<string id="ui_mcm_pawsys_pawbinds_mwheel_notify">
		<text>Display a message when changing mouse wheel mode</text>
	</string>

	<string id="ui_mcm_paw_modded_binaries">
		<text>Modded binaries by demonized (required for mouse wheel support):\n https://github.com/themrdemonized/STALKER-Anomaly-modded-exes/
		</text>
	</string>

	<string id="st_paw_change_set">
		<text>Active Set changed to</text>
	</string>

	<string id="st_paw_change_icon">
		<text>Active Icon is now</text>
	</string>

	<string id="ui_mcm_pawsys_pawbinds_bind_set_next">
		<text>Cycle to next set</text>
	</string>

	<string id="ui_mcm_pawsys_pawbinds_bind_set_next_desc">
		<text>Optional keybind to cycle to the next set</text>
	</string>

	<string id="ui_mcm_pawsys_pawbinds_bind_set_prev">
		<text>Cycle to previous set</text>
	</string>

	<string id="ui_mcm_pawsys_pawbinds_bind_set_prev_desc">
		<text>Optional keybind to cycle to the previous set</text>
	</string>

	<string id="ui_mcm_pawsys_pawbinds_bind_ico_next">
		<text>Cycle to next icon in active set</text>
	</string>

	<string id="ui_mcm_pawsys_pawbinds_bind_ico_next_desc">
		<text>Optional keybind to cycle to the next icon in the active set</text>
	</string>

	<string id="ui_mcm_pawsys_pawbinds_bind_ico_prev">
		<text>Cycle to previous icon in active set</text>
	</string>

	<string id="ui_mcm_pawsys_pawbinds_bind_ico_prev_desc">
		<text>Optional keybind to cycle to the previous icon in the active set</text>
	</string>

	<string id="ui_mcm_pawsys_pawbinds_bind_set_scroll">
		<text>Hold to change sets with mouse wheel</text>
	</string>

	<string id="ui_mcm_pawsys_pawbinds_bind_set_scroll_desc">
		<text>While this key is held, scrolling the mouse wheel will cycle through the list of sets if mouse scrolling is enabled.</text>
	</string>

	<string id="ui_mcm_pawsys_pawbinds_bind_ico_scroll">
		<text>Hold to change icons with mouse wheel</text>
	</string>

	<string id="ui_mcm_pawsys_pawbinds_bind_ico_scroll_desc">
		<text>While this key is held, scrolling the mouse wheel will cycle through the icons in the active set if the scrolling mode is set to Hold for Both. </text>
	</string>

	<string id="st_paw_cycling_sets">
		<text>Mouse wheel is now cycling sets</text>
	</string>

	<string id="st_paw_cycling_icons">
		<text>Mouse wheel is now cycling icons</text>
	</string>

	<string id="st_paw_mwheel_normal">
		<text>Mouse wheel returned to default behavior</text>
	</string>

	<string id ="ui_mcm_menu_pawhud">
		<text>HUD Widget</text>
	</string>

	<string id="ui_mcm_pawsys_pawhud_widget_enable">
		<text>Enable HUD widget</text>
	</string>

	<string id="ui_mcm_pawsys_pawhud_autohide">
		<text>Autohide delay in seconds (0 never hides)</text>
	</string>

	<string id="ui_mcm_pawsys_pawhud_hudsound">
		<text>Play sound effect for icon/set changes </text>
	</string>

	<string id ="ui_mcm_pawsys_pawhud_pingsound">
		<text>Play sound effect when pinging the map</text>
	</string>

	<string id="ui_mcm_pawsys_pawhud_active_theme">
		<text>Widget visual theme (see below for descriptions)</text>
	</string>

	<string id="ui_mcm_pawsys_pawhud_custompos">
		<text>Use the custom position below instead of theme default</text>
	</string>

	<string id="ui_mcm_pawsys_pawhud_widgetinfo">
		<text>The HUD widget displays the current active icon and, depending on the theme, can also display other information.</text>
	</string>

	<string id="ui_mcm_pawsys_pawhud_pos_x_desc">
		<text>Sets the X (horizontal) coordinate of the widget's upper left corner. 0,0 is the upper left corner of the screen, 1024,768 is the lower right. The game converts this to your display resolution.</text>
	</string>

	<string id="ui_mcm_pawsys_pawhud_pos_y_desc">
		<text>Sets the Y (vertical) coordinate of the widget's upper left corner. 0,0 is the upper left corner of the screen, 1024,768 is the lower right. The game converts this to your display resolution.</text>
	</string>

	<string id="ui_mcm_pawsys_pawhud_pos_x">
		<text>X (horizontal, left to right) coordinate</text>
	</string>

	<string id="ui_mcm_pawsys_pawhud_pos_y">
		<text>Y (vertical, top to bottom) coordinate</text>
	</string>

	<string id="ui_mcm_themes_list">
		<text>You can read a full description of each available theme below.\n</text>
	</string>

	<string id="ui_mcm_themes_classicauto">
		<text>
			Classic Stalker, Auto-Switch: 138x75 (default pos 890,620)\n
			Icon and Set text, Next/Current/Prev icons\n
			Auto-switches to Classic Vertical Right when PDA is open\n
			Select "Classic" theme if you don't want the auto-switch\n
			Recommended default
		</text>
	</string>

	<string id="ui_mcm_themes_classic">
		<text>
			Classic Stalker, Horizontal: 138x75 (default pos 890,620)\n
			Icon and Set text, Next/Current/Prev icons\n
			Does not auto-switch, but blocked by PDA in its default position
		</text>
	</string>

	<string id="ui_mcm_themes_vertright">
		<text>
			Classic Vertical, Right-aligned: 100x154 (default pos 922,440)\n
			Icon text, Next/Current/Prev icons\n
			PDA mode for Classic Stalker Auto-Switch, but can be used on its own
		</text>
	</string>

	<string id="ui_mcm_themes_vertleft">
		<text>
			Classic Vertical, Left-aligned: 100x154 (default pos 4,570)\n
			Icon text, Next/Current/Prev icons\n
			Can block news messages in its default position\n
			Custom position recommended
		</text>
	</string>

	<string id="ui_mcm_themes_gamma_right">
		<text>
			GAMMA Style, Right-aligned: 136x150 (default pos 888,440)\n
			Icon and Set text, Next/Current/Prev icons\n
			Visible both with and without PDA open
		</text>
	</string>

	<string id="ui_mcm_themes_gamma_left">
		<text>
			GAMMA Style, Left-aligned: 136x150 (default pos 4,440)\n
			Icon and Set text, Next/Current/Prev icons\n
			Can block news messages in its default position\n
			Custom position recommended
		</text>
	</string>

	<string id="ui_mcm_themes_minimal_h">
		<text>
			Minimalist, Horizontal: 94x52 (default pos 924,645)\n
			Icon text, Next/Current/Prev icons on drop shadow\n
			Blocked by PDA in its default position\n
			Custom position recommended
		</text>
	</string>

	<string id="ui_mcm_themes_minimal_v">
		<text>
			Minimalist, Vertical: 92x112 (default pos 924,440)\n
			Icon text, Next/Current/Prev icons on drop shadow\n
			No left-aligned version
		</text>
	</string>

	<string id="ui_mcm_themes_minicom">
		<text>
			Minimalist, Compact: 38x38 (default pos 890,440)\n
			Displays current icon only, on drop shadow\n
			blocked by PDA in its default position
		</text>
	</string>

	<string id="ui_mcm_themes_compact_noui">
		<text>
			Compact, No UI Frame: 32x32 (default pos 890,440)\n
			Displays current icon only, no other UI or background\n
			Suitable for positioning nearly anywhere, easy to integrate with custom HUDs
		</text>
	</string>

	<string id="ui_mcm_lst_theme_classicauto">
		<text>Classic Stalker, H/V Auto Switch</text>
	</string>

	<string id="ui_mcm_lst_theme_classic">
		<text>Classic Stalker, Horizontal (890,620)</text>
	</string>

	<string id="ui_mcm_lst_theme_vertright">
		<text>Classic, Vertical, Right-Aligned (922,440)</text>
	</string>

	<string id="ui_mcm_lst_theme_vertleft">
		<text>Classic, Vertical, Left-Aligned (4,570)</text>
	</string>

	<string id="ui_mcm_lst_theme_gamma_right">
		<text>GAMMA Style, Right-Aligned (888,440)</text>
	</string>

	<string id="ui_mcm_lst_theme_gamma_left">
		<text>GAMMA Style, Left-Aligned (4,574)</text>
	</string>

	<string id="ui_mcm_lst_theme_minimal_h">
		<text>Minimalist, Horizontal (890,650)</text>
	</string>

	<string id="ui_mcm_lst_theme_minimal_v">
		<text>Minimalist, Vertical (890,440)</text>
	</string>

	<string id="ui_mcm_lst_theme_minicom">
		<text>Minimalist, Compact (820,725)</text>
	</string>

	<string id="ui_mcm_lst_theme_compact_noui">
		<text>Compact, No UI Frame (820,725)</text>
	</string>

	<string id="ui_mcm_lst_paw_enabled">
		<text>Enabled</text>
	</string>

<!-- Added in 1.7.1 -->

	<string id="st_paw_waypoint_cleared">
		<text>Current waypoint cleared</text>
	</string>

<!-- Added in 1.7.2 -->

	<string id="ui_mcm_paw_moddb_link">
		<text>PAW: https://www.moddb.com/mods/stalker-anomaly/addons/personal-adjustable-waypoint-for-anomaly-151-152-and-gamma
		</text>
	</string>

	<string id="ui_mcm_paw_milpda_link">
		<text>Milspec PDA: https://www.moddb.com/mods/stalker-anomaly/addons/milspec-pda-for-anomaly-151-152-and-gamma
		</text>
	</string>


<!-- not implemented yet
	<string id="ui_mcm_pawsys_pawpins_fave_recent">
		<text>Include recently-used pins in Favorites</text>
	</string>

	<string id="ui_mcm_lst_paw_last_1"><text>Last pin</text></string>
	<string id="ui_mcm_lst_paw_last_2"><text>Last 2</text></string>
	<string id="ui_mcm_lst_paw_last_3"><text>Last 3</text></string>
	<string id="ui_mcm_lst_paw_last_4"><text>Last 4</text></string>
	<string id="ui_mcm_lst_paw_last_5"><text>Last 5</text></string>
	<string id="ui_mcm_lst_paw_last_6"><text>Last 6</text></string>
	<string id="ui_mcm_lst_paw_last_7"><text>Last 7</text></string>
	<string id="ui_mcm_lst_paw_last_8"><text>Last 8</text></string>
	<string id="ui_mcm_lst_paw_last_9"><text>Last 9</text></string>
	<string id="ui_mcm_lst_paw_last_10"><text>Last 10</text></string>
-->

</string_table>