<!-- ====================================================================
	Personal Adjustable Waypoint
    Author: Catspaw
    Source: https://www.moddb.com/members/catspawmods/addons
    Version: 1.2

    Permission granted to freely translate into any language.
===================================================================== -->

<string_table>
	<string id="st_paw_waypoint_set">
		<text>Set waypoint here</text>
	</string>
	<string id="st_paw_waypoint_mov">
		<text>Move waypoint here</text>
	</string>
	<string id="st_paw_waypoint_rem">
		<text>Remove current waypoint</text>
	</string>
	<string id="st_paw_placed_waypoint">
		<text>Placed Waypoint</text>
	</string>
	<string id="st_paw_proceed">
		<text>Proceed to your chosen waypoint</text>
	</string>
<!-- Added in 1.2 -->
	<string id="st_paw_missing_waypoint_error">
		<text>Placed waypoint was missing from current save, so the task was cancelled to avoid a crash. This is a safety catch and shouldn't happen again after your next save.</text>
	</string>
</string_table>