<w>
	<uichrome x="0" y="0" width="360" height="84" stretch="1">
		<header x="0" y="0" width="340" height="25" stretch="1" />
		<title x="0" y="0" width="340" height="20" font="letterica16" />
		<desc x="0" y="0" width="340" height="40" font="letterica16" />
	</uichrome>

	<prompt x="0" y="0" width="15" height="20" stretch="1" vert_align="c">
		<texture>ui_catsy_keybind_bg_single_v4</texture>
	</prompt>

	<prompt_l x="0" y="0" width="5.3125" height="20" stretch="1" alignment="l">
		<texture>ui_catsy_keybind_bg_left_v4</texture>
	</prompt_l>
	<prompt_c x="5.3125" y="0" width="9.375" height="20" stretch="1" alignment="l">
		<texture>ui_catsy_keybind_bg_center_v4</texture>
	</prompt_c>
	<prompt_r x="14.6875" y="0" width="5.3125" height="20" stretch="1" alignment="l">
		<texture>ui_catsy_keybind_bg_right_v4</texture>
	</prompt_r>

	<box x="0" y="0" width="0" height="0" stretch="1" font="letterica16" />
	<textbox x="0" y="0" width="0" height="0" stretch="1" align="c" vert_align="c">
		<text align="c" vert_align="c" stretch="1" font="letterica16"/>
	</textbox>

</w>