<!-- ====================================================================
	Timed Tutorial Prompt
    Author: Catspaw
    Updated: 20260128
    Permission granted to freely translate this file into any language.
===================================================================== -->
<?xml version="1.0" encoding="windows-1251"?>
<string_table>
	
	<string id="ui_st_catsy_new_tutorial">
		<text>New Tutorial</text>
	</string>

	<string id="ui_st_catsy_view_tutorial">
		<text>Press to view</text>
	</string>

	<string id="ui_st_catsy_dismiss_prompt">
		<text>Hold to dismiss</text>
	</string>

	<string id="ui_st_catsy_ignored_offer_later">
		<text>$clr_lblTutorial will be offered again later, when relevant.
			\n$clr_defMark or unmark as viewed in $clr_gldMCM > NPE Modules$clr_def.</text>
	</string>
			
</string_table>