<!-- ====================================================================
    Author: Catspaw
    Source: https://www.moddb.com/members/catspawmods/addons
===================================================================== -->

<string_table>
	<string id="ui_mcm_menu_pos_pre_demo">
		<text>PosPre Demo</text>
	</string>	

	<string id="preview_demo_header1">
		<text>
		Программа предварительного просмотра pos переводит координаты холста рендеринга (1024x768) в экранные координаты для нескольких соотношений сторон, позволяя вам (или вашим пользователям) увидеть в реальном времени симуляцию того, где на экране в соответствии с координатами холста будет отображаться элемент пользовательского интерфейса.
		</text>
	</string>	

	<string id="preview_demo_header2">
		<text>
		Подробнее о том, как настроить его поведение и внешний вид, читайте в комментариях к этому скрипту демонстрационного меню (pos_previewer_demo_mcm), а также к основному скрипту превьюера (pos_previewer_mcm).
		</text>
	</string>

	<string id="ui_mcm_pos_pre_demo_preview_pos_x">
		<text>X Координата (0 - 1024)</text>
	</string>

	<string id="ui_mcm_pos_pre_demo_preview_pos_y">
		<text>Y Координата (0 - 768)</text>
	</string>

	<string id="ui_mcm_pos_pre_demo_preview_aspect">
		<text>Соотношение сторон экрана для предварительного просмотра</text>
	</string>

	<string id="ui_mcm_pos_pre_demo_use_debug_images">
		<text>Показывайте простое превью вместо скриншота</text>
	</string>

	<string id="ui_mcm_lst_preview_aspect_4_3">
		<text>4:3 (Стандартное разрешение)</text>
	</string>

	<string id="ui_mcm_lst_preview_aspect_16_10">
		<text>16:10 (1920x1200, 2560x1600)</text>
	</string>

	<string id="ui_mcm_lst_preview_aspect_16_9">
		<text>16:9 (1080p, 1440p, 2160p)</text>
	</string>

	<string id="ui_mcm_lst_preview_aspect_21_9">
		<text>21:9 (Ультраширокий)</text>
	</string>
</string_table>