<!-- ====================================================================
	Personal Adjustable Waypoint
    Author: Catspaw
    Source: https://www.moddb.com/members/catspawmods/addons
    Version: 1.3

    Permission granted to freely translate into any language.
===================================================================== -->

<string_table>
	<string id="st_paw_waypoint_set">
		<text>Set waypoint here</text>
	</string>

	<string id="st_paw_waypoint_mov">
		<text>Move waypoint here</text>
	</string>

	<string id="st_paw_waypoint_del">
		<text>Remove current waypoint</text>
	</string>

	<string id="st_paw_placed_waypoint">
		<text>Placed Waypoint</text>
	</string>

	<string id="st_paw_proceed">
		<text>Proceed to your chosen waypoint</text>
	</string>

<!-- Added in 1.2 -->
	<string id="st_paw_missing_waypoint_error">
		<text>Placed waypoint was missing from current save, so the task was cancelled to avoid a crash. This is a safety catch and shouldn't happen again after your next save.</text>
	</string>

<!-- Added in 1.3 -->
	<string id ="ui_mcm_menu_pawsys">
		<text>Adjustable Waypoint</text>
	</string>

	<string id ="ui_mcm_menu_pawgen">
		<text>General Settings</text>
	</string>

	<string id ="ui_mcm_menu_pawpins">
		<text>Map Pins</text>
	</string>

	<string id ="ui_mcm_menu_pawmenu">
		<text>Context Menu</text>
	</string>

	<string id ="ui_mcm_menu_pawtask">
		<text>Task Customization</text>
	</string>

	<string id ="ui_mcm_menu_pawbinds">
		<text>Keybinds</text>
	</string>

	<string id ="ui_mcm_pawsys_pawgen_enabled">
		<text>Enable Personal Adjustable Waypoint System</text>
	</string>

	<string id ="ui_mcm_pawsys_pawgen_uninstall_desc">
		<text>Enabling this option will clear all current waypoint data, remove all waypoint map markers, and cancel any active waypoint task.</text>
	</string>

	<string id ="ui_mcm_pawsys_pawgen_milpda">
		<text>Integrate with Milspec PDA addon</text>
	</string>

	<string id ="ui_mcm_pawsys_pawgen_milpda_desc">
		<text>Enables integration/compatibility with the Milspec PDA addon. \n\nhttps://www.moddb.com/mods/stalker-anomaly/addons/milspec-pda-for-anomaly-151-152-and-gamma</text>
	</string>

	<string id ="ui_mcm_pawsys_pawgen_debuglogs">
		<text>Enable debug logging</text>
	</string>

	<string id ="ui_mcm_pawsys_pawgen_debuglogs_desc">
		<text>For troubleshooting. If you encounter a crash or other issue with PAW, please:\n1. Enable this option\n2. Reproduce the issue\n3. Upload a copy of the log for me to examine\n\nWithout debug logging it is unlikely that your log will show anything useful.</text>
	</string>

	<string id="st_paw_pin_add">
		<text>Add pin to map here</text>
	</string>

	<string id="st_paw_pin_del">
		<text>Remove this pin</text>
	</string>

	<string id="st_paw_pin_ren">
		<text>Rename this pin</text>
	</string>

	<string id="st_paw_pin_dbg">
		<text>Remove all map icons from this spot</text>
	</string>

	<string id="st_paw_pin_clr">
		<text>Clear ALL of your pins - cannot be undone</text>
	</string>

	<string id = "ui_mcm_pawsys_pawbinds_togglekb">
		<text>Keypress to toggle the current active waypoint</text>
	</string>

	<string id = "ui_mcm_pawsys_pawbinds_togglekb_desc">
		<text>When pressed, this key will toggle off the current waypoint (if one is active), or reactivate the last waypoint if none is currently active. It has no effect if you haven't set a waypoint.</text>
	</string>

	<string id = "ui_mcm_pawsys_pawbinds_quickpinkb">
		<text>Keypress to drop a Quick Pin</text>
	</string>

	<string id = "ui_mcm_pawsys_pawbinds_quickpinkb_desc">
		<text>When pressed, this key will place a Quick Pin at the nearest valid smart terrain point to the player's current location.</text>
	</string>

	<string id = "ui_mcm_pawsys_pawbinds_cartmodekb">
		<text>Key hold for Cartography Mode</text>
	</string>

	<string id = "ui_mcm_pawsys_pawbinds_cartmodekb_desc">
		<text>While held, this key will enable Cartography Mode, which displays all valid smart terrain points and other tools allowing the player to set and manage their Pins.</text>
	</string>

	<string id ="ui_mcm_pawsys_pawpins_use_custom_pin_icon">
		<text>Use a custom icon texture for map pins</text>
	</string>

	<string id ="ui_mcm_pawsys_pawpins_use_custom_pin_icon_desc">
		<text>If enabled, PAW will attempt to use the specified texture ID for pin icons. If you put something invalid here, it will probably crash your game. I can't help with that.</text>
	</string>

	<string id ="ui_mcm_pawsys_pawpins_custom_pin_icon">
		<text>Custom texture ID to use</text>
	</string>

	<string id ="ui_mcm_pawsys_pawpins_custom_pin_icon_desc">
		<text>If you know the name of a valid texture ID from the mapspots files, enter it here. WARNING: invalid values will very likely crash your game. Reset it to "user_defined" if nothing else works; it's simple and easy to remember.</text>
	</string>

	<string id ="st_paw_pin_default_name">
		<text>Pinned Map Location</text>
	</string>

	<string id ="st_paw_pin_quick_name">
		<text>Quick Pin</text>
	</string>

	<string id ="st_paw_pin_dropped">
		<text>Quick pin dropped at nearest smart point: %s</text>
	</string>

	<string id ="st_paw_pin_already">
		<text>You already have a pin at nearest smart %s</text>
	</string>

	<string id="ui_mcm_pawsys_pawgen_s_device_pda_1">
		<text>Enable Waypoint and Pin functionality on PDA 1.0</text>
	</string>

	<string id="ui_mcm_pawsys_pawgen_s_device_pda_1_desc">
		<text>If enabled, PDA 1.0 will be allowed to use all Waypoint and Pin functionality. If disabled, existing Pins will be preserved, but cannot be displayed until a compatible device is equipped.</text>
	</string>

	<string id="ui_mcm_pawsys_pawgen_s_device_pda_2">
		<text>Enable Waypoint and Pin functionality on PDA 2.0</text>
	</string>

	<string id="ui_mcm_pawsys_pawgen_s_device_pda_2_desc">
		<text>If enabled, PDA 2.0 will be allowed to use all Waypoint and Pin functionality.</text>
	</string>

	<string id="ui_mcm_pawsys_pawgen_s_device_pda_3">
		<text>Enable Waypoint and Pin functionality on PDA 3.1</text>
	</string>

	<string id="ui_mcm_pawsys_pawgen_s_device_pda_3_desc">
		<text>If enabled, PDA 3.1 will be allowed to use all Waypoint and Pin functionality. </text>
	</string>

	<string id="ui_mcm_pawsys_pawgen_s_device_pda_milspec">
		<text>Enable Waypoint and Pin functionality on the Milspec PDA</text>
	</string>

	<string id="ui_mcm_pawsys_pawgen_s_device_pda_milspec_desc">
		<text>If enabled, the Milspec PDA (if installed and available) will be allowed to use all Waypoint and Pin functionality. </text>
	</string>

	<string id="ui_mcm_pawsys_pawpins_poi_icon_pins">
		<text>Default icon for Pins</text>
	</string>

	<string id="ui_mcm_pawsys_pawpins_poi_icon_pins_desc">
		<text>When the Pins icon group is active, this option determines which icon is assigned to a map pin at the time it is created. Each map pin can have a different icon.</text>
	</string>

	<string id="ui_mcm_pawsys_pawpins_poi_icon_patches">
		<text>Default icon for Faction Patches</text>
	</string>

	<string id="ui_mcm_pawsys_pawpins_poi_icon_patches_desc">
		<text>When the Faction Patches icon group is active, this option determines which icon is assigned to a map pin at the time it is created. Each map pin can have a different icon.</text>
	</string>

	<string id="st_paw_no_last_wp">
		<text>There is no previous or active waypoint to toggle.</text>
	</string>

	<string id="ui_mcm_lst_pawsys_poi_redround32">
		<text>Red Round Pin</text>
	</string>

	<string id="ui_mcm_lst_pawsys_poi_stalker32">
		<text>Stalker Cursor-style Pin</text>
	</string>

	<string id="ui_mcm_lst_pawsys_poi_redmodern32">
		<text>Modern GMaps-style Pin</text>
	</string>

	<string id="ui_mcm_lst_pawsys_poi_redpush32">
		<text>Red Push Pin</text>
	</string>

	<string id="ui_mcm_lst_pawsys_poi_yelpush32">
		<text>Yellow Push Pin</text>
	</string>

	<string id="ui_mcm_lst_pawsys_poi_whtsimple32">
		<text>White Minimalist</text>
	</string>
	<string id="ui_mcm_lst_pawsys_poi_stalker">
		<text>Stalker</text>
	</string>
	<string id="ui_mcm_lst_pawsys_poi_army">
		<text>Military</text>
	</string>
	<string id="ui_mcm_lst_pawsys_poi_bandit">
		<text>Bandit</text>
	</string>
	<string id="ui_mcm_lst_pawsys_poi_csky">
		<text>Clear Sky</text>
	</string>
	<string id="ui_mcm_lst_pawsys_poi_dolg">
		<text>Duty</text>
	</string>
	<string id="ui_mcm_lst_pawsys_poi_ecolog">
		<text>Ecologist</text>
	</string>
	<string id="ui_mcm_lst_pawsys_poi_freedom">
		<text>Freedom</text>
	</string>
	<string id="ui_mcm_lst_pawsys_poi_killer">
		<text>Mercenary</text>
	</string>
	<string id="ui_mcm_lst_pawsys_poi_monolith">
		<text>Monolith</text>
	</string>
	<string id="ui_mcm_lst_pawsys_poi_greh">
		<text>Sin</text>
	</string>
	<string id="ui_mcm_lst_pawsys_poi_isg">
		<text>UNISG</text>
	</string>
	<string id="ui_mcm_lst_pawsys_poi_renegade">
		<text>Renegade</text>
	</string>
	<string id="ui_mcm_lst_pawsys_cmenu_off">
		<text>Never</text>
	</string>
	<string id="ui_mcm_lst_pawsys_cmenu_cart">
		<text>Cartography</text>
	</string>
	<string id="ui_mcm_lst_pawsys_cmenu_all">
		<text>Always</text>
	</string>

	<string id="ui_mcm_pawsys_pawpins_pin_icon_group">
		<text>Active Pin Icon Group</text>
	</string>

	<string id="ui_mcm_pawsys_pawpins_pin_icon_group_desc">
		<text>Each group of icons below (e.g. Pins, Patches) has an icon that is currently selected in their drop-down list. This radio button determines which of those groups' icons will be used when placing any new pin.</text>
	</string>

	<string id="ui_mcm_lst_pawsys_pg_pins">
		<text>Pin-Style Icons</text>
	</string>

	<string id="ui_mcm_lst_pawsys_pg_patches">
		<text>Faction Patch Icons</text>
	</string>

	<string id="ui_mcm_pawsys_pawmenu_headertxt">
		<text>This menu allows you to customize PAW's in-game context menus. You can choose whether each of the following options appears Always, Never, or only when Cartography Mode is active.</text>
	</string>
	<string id="ui_mcm_pawsys_pawmenu_wp_set">
		<text>Set Waypoint</text>
	</string>
	<string id="ui_mcm_pawsys_pawmenu_wp_mov">
		<text>Move Waypoint</text>
	</string>
	<string id="ui_mcm_pawsys_pawmenu_wp_del">
		<text>Remove Waypoint</text>
	</string>
	<string id="ui_mcm_pawsys_pawmenu_pn_add">
		<text>Add Pin</text>
	</string>
	<string id="ui_mcm_pawsys_pawmenu_pn_del">
		<text>Remove Pin</text>
	</string>
	<string id="ui_mcm_pawsys_pawmenu_pn_ren">
		<text>Rename Pin</text>
	</string>
	<string id="ui_mcm_pawsys_pawmenu_pn_clr">
		<text>Clear All Pins</text>
	</string>
	<string id="ui_mcm_pawsys_pawmenu_pn_spt">
		<text>Clear All at This Spot</text>
	</string>













<!-- disabled until future version
	<string id ="ui_mcm_pawsys_pawtask_enabled">
		<text>Customize Waypoint Task</text>
	</string>

	<string id ="ui_mcm_pawsys_pawtask_enabled_desc">
		<text>If enabled, PAW will use the fields below instead of its default task settings. These strings are NOT translated, and are displayed as-is.</text>
	</string>

	<string id ="ui_mcm_pawsys_pawtask_wpname">
		<text>Waypoint Name</text>
	</string>

	<string id ="ui_mcm_pawsys_pawtask_wpname_desc">
		<text>The name or title of the task.</text>
	</string>

	<string id ="ui_mcm_pawsys_pawtask_wpbody">
		<text>Waypoint Description</text>
	</string>
	
	<string id ="ui_mcm_pawsys_pawtask_wpbody_desc">
		<text>The full description of the task, telling you what to do next.</text>
	</string>

-->
</string_table>