<!-- ======================================================================
	Personal Adjustable Waypoint
	Author: Catspaw (CatspawMods @ ModDB)
	Updated: 20230830
===========================================================================
	To merge Personal Adjustable Waypoint with any mod that alters map_spots_relations.xml, add the following include to your copy of 
	the file:
========================================================================-->
#include "ui\map_spots_paw.xml"
<!-- ======================================================================
	If you do not do this, the game will fail and it will suck.
========================================================================-->
	<enemy_location hint="enemy" no_offline="1">
		<mini_map  spot="enemy_mini_spot"/>
	</enemy_location>

	<neutral_location hint="neutral">
		<mini_map  spot="neutral_mini_spot"/>
	</neutral_location>

	<friend_location hint="friend">
		<mini_map  spot="friend_mini_spot"/>
	</friend_location>

	<deadbody_location hint="deadbody">
		<mini_map  spot="deadbody_mini_spot"/>
	</deadbody_location>

	<enemy_mini_spot width="7" height="7" stretch="1" alignment="c" >
		<texture r="255" g="0" b="0">ui_mmap_common_actor</texture>
	</enemy_mini_spot>

	<neutral_mini_spot width="7" height="7" stretch="1" alignment="c">
		<texture r="255" g="200" b="0">ui_mmap_common_actor</texture>
	</neutral_mini_spot>

	<friend_mini_spot width="7" height="7" stretch="1" alignment="c">
		<texture r="50" g="255" b="0">ui_mmap_common_actor</texture>
	</friend_mini_spot>

	<deadbody_mini_spot width="7" height="7" stretch="1" alignment="c">
		<texture r="168" g="168" b="168">ui_mmap_common_actor</texture>
	</deadbody_mini_spot>

