<?xml version="1.0" encoding="utf-8"?>

<w>
	<box />

	<alt_interact width="400" height="20" stretch="1">

		<prompt width="15" height="20" stretch="1" vert_align="c">
			<texture>ui_catsy_keybind_bg_single</texture>
		</prompt>

		<prompt_l x="0" y="0" width="5.3125" height="20" stretch="1" alignment="l">
			<texture>ui_catsy_keybind_bg_left</texture>
		</prompt_l>
		<prompt_c x="5.3125" y="0" width="9.375" height="20" stretch="1" alignment="l">
			<texture>ui_catsy_keybind_bg_center</texture>
		</prompt_c>
		<prompt_r x="14.6875" y="0" width="5.3125" height="20" stretch="1" alignment="l">
			<texture>ui_catsy_keybind_bg_right</texture>
		</prompt_r>

		<label width="400" height="20" complex_mode="1" align="l" vert_align="c"/>

	</alt_interact>
</w>