<!-- ====================================================================
	Interaction Dot Marks
    Author: Catspaw
    Permission granted to freely translate this file into any language.
===================================================================== -->
<?xml version="1.0" encoding="windows-1251"?>
<string_table>
	<string id="st_unload_weapon">
		<text>Unload</text>
	</string>

	<string id="st_fragment_from">
		<text>from</text>
	</string>

	<string id="st_body_is_claimed">
		<text>Claimed</text>
	</string>

	<string id="ui_mcm_menu_dotmarks">
		<text>DotMarks</text>
	</string>

	<string id="ui_mcm_menu_dotmain">
		<text>General Settings</text>
	</string>

	<string id="ui_mcm_menu_dotobjs">
		<text>Object Settings</text>
	</string>

	<string id="ui_mcm_dotmarks_mainmenu">
		<text>General configuration settings for Interaction Dot Marks.</text>
	</string>

	<string id="ui_mcm_dotmarks_objmenu">
		<text>Here you can enable or disable Interaction Dot Marks for different types of objects. Already-placed marks may not disappear until you move away from them.</text>
	</string>

	<string id="ui_mcm_dotmarks_dotmain_med_scan_interval">
		<text>Near scan interval</text>
	</string>

	<string id="ui_mcm_dotmarks_dotmain_med_scan_interval_desc">
		<text>Interval between nearby-object scans, in milliseconds. Smaller values will update more frequently.</text>
	</string>

	<string id="ui_mcm_dotmarks_dotmain_big_scan_interval">
		<text>Far scan interval</text>
	</string>

	<string id="ui_mcm_dotmarks_dotmain_big_scan_interval_desc">
		<text>Interval between faraway-object scans, in milliseconds. Smaller values will update more frequently, but may have a performance cost.</text>
	</string>

	<string id="ui_mcm_dotmarks_dotmain_med_scan_radius">
		<text>Radius of near scan</text>
	</string>

	<string id="ui_mcm_dotmarks_dotmain_med_scan_radius_desc">
		<text>Radius of the nearby-object scan in meters. Many things are based on this value, such as the distances at which markers fade out and scale up/down. It is recommended that you don't adjust this value, or do so in very small increments.</text>
	</string>

	<string id="ui_mcm_dotmarks_dotmain_big_scan_radius">
		<text>Radius of far scan</text>
	</string>

	<string id="ui_mcm_dotmarks_dotmain_big_scan_radius_desc">
		<text>Radius of the faraway-object scan in meters, which is used to detect objects before they come into visual range. This also determines the distance at which the system cleans up markers that are too far away. This MUST be larger than the near scan radius, but very large values may have a performance cost.</text>
	</string>

	<string id="ui_mcm_dotmarks_dotmain_skill_upd_interval">
		<text>Interval between Skill System updates</text>
	</string>

	<string id="ui_mcm_dotmarks_dotmain_use_skill_system">
		<text>Increase perception radius based on Skill System</text>
	</string>

	<string id="ui_mcm_dotmarks_dotmain_haru_skill_name">
		<text>Name of the skill used for this check</text>
	</string>

	<string id="ui_mcm_dotmarks_dotmain_haru_skill_coef">
		<text>Scan radius multiplier per skill level</text>
	</string>

	<string id="ui_mcm_dotmarks_dotmain_haru_skill_coef_desc">
		<text>If Skill System integration is enabled, this setting controls the multiplier that is applied to the near scan radius per skill level, and effectively increases the player's "perception" range.</text>
	</string>

	<string id="ui_mcm_dotmarks_dotmain_bind_alt_interact">
		<text>Keybind for Alternate Interact</text>
	</string>

	<string id="ui_mcm_dotmarks_dotmain_bind_alt_interact_desc">
		<text>The Alternate Interact is used for context-sensitive actions when targeting a marked object, such as removing the ammo from a weapon without picking it up.</text>
	</string>

	<string id="ui_mcm_dotmarks_dotmain_imod_alt_interact">
		<text>Input mode</text>
	</string>

	<string id="ui_mcm_dotmarks_dotmain_debuglogs">
		<text>Enable debug logging</text>
	</string>
	<string id="ui_mcm_dotmarks_dotmain_debuglogs_desc">
		<text>If you are reporting a problem, turn this on and generate a clean log that shows the problem happening.</text>
	</string>

	<string id="ui_mcm_dotmarks_dotmain_verbose">
		<text>Debug logging is verbose (detailed)</text>
	</string>
	<string id="ui_mcm_dotmarks_dotmain_verbose_desc">
		<text>When reporting a problem please also enable this. It will ensure that the log contains the most detailed troubleshooting information.</text>
	</string>

	<string id="ui_mcm_dotmarks_dotobjs_scan_bodies">
		<text>Mark Bodies</text>
	</string>
	<string id="ui_mcm_dotmarks_dotobjs_scan_ammo">
		<text>Mark Ammo</text>
	</string>
	<string id="ui_mcm_dotmarks_dotobjs_scan_stashes">
		<text>Mark Stashes</text>
	</string>
	<string id="ui_mcm_dotmarks_dotobjs_scan_weapons">
		<text>Mark Weapons</text>
	</string>
	<string id="ui_mcm_dotmarks_dotobjs_scan_grenades">
		<text>Mark Grenades</text>
	</string>
	<string id="ui_mcm_dotmarks_dotobjs_scan_explosives">
		<text>Mark Explosives</text>
	</string>
	<string id="ui_mcm_dotmarks_dotobjs_scan_outfits">
		<text>Mark Outfits</text>
	</string>
	<string id="ui_mcm_dotmarks_dotobjs_scan_headgear">
		<text>Mark Headgear</text>
	</string>
	<string id="ui_mcm_dotmarks_dotobjs_scan_artefacts">
		<text>Mark Artefacts</text>
	</string>
	<string id="ui_mcm_dotmarks_dotobjs_scan_consumables">
		<text>Mark Consumables</text>
	</string>
	<string id="ui_mcm_dotmarks_dotobjs_scan_tools">
		<text>Mark Tools</text>
	</string>
	<string id="ui_mcm_dotmarks_dotobjs_scan_devices">
		<text>Mark Devices</text>
	</string>
	<string id="ui_mcm_dotmarks_dotobjs_scan_quest">
		<text>Mark Quest Items</text>
	</string>
	<string id="ui_mcm_dotmarks_dotobjs_scan_campfires">
		<text>Mark Campfires</text>
	</string>
	<string id="ui_mcm_dotmarks_dotobjs_scan_misc">
		<text>Mark Misc Objects</text>
	</string>
</string_table>