<w>

	<paw_wnd>

	</paw_wnd>

	<wp_dialog x="392" y="341" width="270" height="355" stretch="1" >
		<!--<texture>ui_paw_dialog_classic_chrome</texture>-->
		<bg_top x="0" y="0" width="270" height="154" stretch="1">
			<texture>ui_paw_dialog_classic_chrome_top</texture>
		</bg_top>

		<bg_desc x="0" y="76" width="256.75" height="47" stretch="1">
			<texture>ui_paw_dialog_classic_chrome_wpdesc</texture>
		</bg_desc>

		<bg_btm x="0" y="154" width="270" height="102" stretch="1">
			<texture>ui_paw_dialog_classic_chrome_btm</texture>
		</bg_btm>

		<titlebar x="6" y="3" width="230" height="32">
			<paw x="200" y="0" width="10" height="10" align="r" stretch="1" font="arial_14"/>
			<icon x="18" y="35.5" width="19.5" height="26" stretch="1" />
			<text x="14.5" y="8" width="200" height="26" r="255" g="255" b="255" align="r" vert_align="c" font="graffiti19" />
		</titlebar>

		<caption x="-10" y="8" width="200" height="18" align="l" vert_align="c" font="letterica16" complex_mode="1" stretch="1"/>

		<icon x="0" y="0" width="64" height="64" align="c" vert_align="c" stretch="1" />

		<check x="0" y="0" width="35" height="30" stretch="1">
            <texture>ui_inGame2_checkbox</texture>
        </check>

		<input_name x="0" y="0" width="200" height="30" stretch="1">
			<text x="6" y="0" font="letterica16" align="l" vert_align="c" />
		</input_name>

		<input_desc x="0" y="0" width="200" height="30" stretch="1">
			<text x="6" y="0" font="letterica16" align="l" vert_align="c" />
		</input_desc>

		<target x="0" y="0" width="200" height="30" font="letterica16" align="l" vert_align="t" stretch="1" complex_mode="1" />

		<btn_cancel x="0" y="1.5" width="70" height="28" stretch="1" check_mode="0">
			<text font="letterica16">ui_inv_cancel</text>
			<texture>ui_button_ordinary</texture>
		</btn_cancel>

		<btn_ok x="0" y="1.5" width="70" height="28" stretch="1" check_mode="0">
			<text font="letterica16">ui_inv_ok</text>
			<texture>ui_button_ordinary</texture>
		</btn_ok>

		<btn_wpreset x="0" y="1.5" width="90" height="28" stretch="1" check_mode="0">
			<text font="letterica16">ui_paw_reset_defaults</text>
			<texture>ui_button_ordinary</texture>
		</btn_wpreset>

	</wp_dialog>

	<pin_dialog x="392" y="341" width="240" height="110" stretch="1" >

		<background x="392" y="241" width="240" height="300" stretch="1" >
			<texture>ui_inGame2_message_box</texture>
		</background>

		<chrome x="-18" y="-27" width="270" height="335" stretch="1" />

		<pin_settings x="392" y="200" width="240" height="300" stretch="1" />

		<bg_settings x="0" y="0" width="240" height="300" stretch="1" />

		<btn_sidebar x="0" y="0" width="30" height="60" stretch="1" check_mode="0">
			<texture>ui_paw_btn_open_sidebar</texture>
		</btn_sidebar>

		<sidebar x="0" y="35" width="161.25" height="161" stretch="1">
			<texture>ui_paw_dialog_sidebar</texture>
		</sidebar>

		<titlebar x="6" y="3" width="230" height="32">
			<paw x="200" y="0" width="10" height="10" align="r" stretch="1" font="arial_14"/>
			<text x="5" y="10" width="200" height="26" r="255" g="255" b="255" align="r" vert_align="c" font="letterica16" />
		</titlebar>

		<icon_panel x="0" y="0" width="120" height="100" />

		<icon x="15.5" y="15.5" width="64" height="64" align="c" vert_align="c" stretch="1" />

		<icon_watermark x="0" y="0" width="95" height="95" align="c" vert_align="c" stretch="1" >
			<texture>ui_paw_dialog_iconwater_hq</texture>
		</icon_watermark>

		<icon_frame x="0" y="0" width="95" height="95" align="c" vert_align="c" stretch="1" >
			<texture>ui_paw_dialog_iconframe_hq</texture>
		</icon_frame>

		<argb_chrome x="0" y="0" width="251.5" height="57" stretch="1">
			<texture>ui_paw_dialog_argb</texture>
		</argb_chrome>

		<caption x="-10" y="8" width="100" height="18" align="l" vert_align="c" font="letterica16" complex_mode="1" stretch="1"/>

		<check x="0" y="0" width="35" height="30" stretch="1">
            <texture>ui_inGame2_checkbox</texture>
        </check>

		<listbox x="0" y="0" width="120" height="22" stretch="1">
            <list_font r="255" g="255" b="255" font="letterica16"/>
		    <text_color>
	            <e r="255" g="255" b="255"/>
	            <d r="170" g="170" b="170"/>
		    </text_color>            
            <texture>ui_checkbox_TabLED</texture>
        </listbox>
        
        <opt_icon x="4" y="5.5" width="20" height="20" align="c" vert_align="c" stretch="1">
        	<caption x="4" y="3.5" align="c" vert_align="c" stretch="1" font="letterica16" complex_mode="1" />
        	<caption_sh x="5" y="4.5" align="c" vert_align="c" stretch="1" font="letterica16" complex_mode="1" />
        </opt_icon>

		<input x="15" y="36" width="200" height="30" stretch="1">
			<text x="0" y="2" font="letterica16" vert_align="c" align="l"/>
			<!-- <texture>ui_inGame2_edit_box_2</texture>-->
		</input>

		<input_name x="15" y="35" width="200" height="30" stretch="1">
			<text x="5" font="letterica16" vert_align="c" align="l"/>
		</input_name>

		<input_a x="0" y="0" width="30" height="18" vert_align="c" stretch="1" >
			<text x="5" y="3.5" font="letterica16" align="l"/>
		</input_a>

		<input_r x="0" y="0" width="30" height="18" vert_align="c" stretch="1">
			<text x="5" y="3.5" font="letterica16" align="l"/>
		</input_r>

		<input_g x="0" y="0" width="30" height="18" stretch="1">
			<text x="5" y="3.5" font="letterica16" align="l"/>
		</input_g>

		<input_b x="0" y="0" width="30" height="18" stretch="1">
			<text x="5" y="3.5" font="letterica16" align="l"/>
		</input_b>		

		<btn_delete x="0" y="1.5" width="80" height="28" stretch="1" check_mode="0">
			<text font="letterica16">ui_mcm_pawsys_pawmenu_pn_del</text>
			<texture>ui_button_ordinary</texture>
		</btn_delete>

		<btn_cancel x="0" y="1.5" width="80" height="28" stretch="1" check_mode="0">
			<text font="letterica16">ui_inv_cancel</text>
			<texture>ui_button_ordinary</texture>
		</btn_cancel>

		<btn_ok x="0" y="1.5" width="50" height="28" stretch="1" check_mode="0">
			<text font="letterica16">ui_inv_ok</text>
			<texture>ui_button_ordinary</texture>
		</btn_ok>

		<btn_sound x="0" y="0" width="13.5" height="18" stretch="1" check_mode="0">
			<texture>ui_paw_btn_soundon</texture>
		</btn_sound>

	</pin_dialog>
</w>
