<!--
-- Author: Catspaw
-- Source: https://www.moddb.com/mods/stalker-anomaly/addons/fair-fast-travel-duration-for-anomaly-151
-->

<string_table>
	<string id="ui_fftd_mapspot_estdur">
		<text>at least</text>
	</string>
	<string id="ui_fftd_mapspot_meters">
		<text>m</text>
	</string>

	<string id="ui_mcm_menu_fftd">
		<text>Fair Fast Travel Duration</text>
	</string>

	<string id="ui_mcm_fftd_ft_useoldcalcs">
		<text>Use Anomaly's unmodified distance formula?</text>
	</string>

	<string id="ui_mcm_fftd_bp_useoldcalcs">
		<text>Use Anomaly's unmodified distance formula?</text>
	</string>

	<string id="ui_mcm_fftd_ft_usedisguisefix">
		<text>Use fix for disguise system?</text>
	</string>

	<string id="ui_mcm_fftd_bp_usedisguisefix">
		<text>Use fix for disguise system?</text>
	</string>

	<string id="ui_mcm_menu_gen">
		<text>General</text>
	</string>

	<string id="ui_mcm_menu_ft">
		<text>Normal Fast Travel</text>
	</string>

	<string id="ui_mcm_menu_bp">
		<text>Backpack Fast Travel</text>
	</string>

	<string id="st_pda_backpack_travel_to">
		<text>Backpack travel to</text>
	</string>

	<string id="ui_mcm_fftd_gen_haruka_enabled">
		<text>Enable Haruka Skill System integration</text>
	</string>

	<string id="ui_mcm_fftd_gen_haruka_enabled_desc">
		<text>If Haruka's Anomaly Skill System mod is installed and this option is enabled, FFTD will take the movement speed multiplier from your Endurance skill into account and adjust travel times accordingly, e.g. a movement multiplier of 1.15 would reduce all fast travel times by approximately 15%.</text>
	</string>

	<!-- Normal Fast Travel Options -->

	<string id="ui_mcm_fftd_ft_locmpm">
		<text>Travel within same map: minutes of game time per 100 meters</text>
	</string>

	<string id="ui_mcm_fftd_ft_mapmpm">
		<text>Travel to other maps: minutes of game time per 100 meters</text>
	</string>

	<string id="ui_mcm_fftd_ft_locrnd_enabled">
		<text>Random delay enabled for fast travel within the same map?</text>
	</string>

	<string id="ui_mcm_fftd_ft_locrnd_hours_min">
		<text>If enabled, minimum hours added</text>
	</string>

	<string id="ui_mcm_fftd_ft_locrnd_hours_max">
		<text>If enabled, maximum hours added</text>
	</string>

	<string id="ui_mcm_fftd_ft_locrnd_minutes_min">
		<text>If enabled, minimum minutes added</text>
	</string>

	<string id="ui_mcm_fftd_ft_locrnd_minutes_max">
		<text>If enabled, maximum minutes added</text>
	</string>

	<string id="ui_mcm_fftd_ft_maprnd_enabled">
		<text>Random delay enabled for fast travel to another map?</text>
	</string>

	<string id="ui_mcm_fftd_ft_maprnd_hours_min">
		<text>If enabled, minimum hours added</text>
	</string>

	<string id="ui_mcm_fftd_ft_maprnd_hours_max">
		<text>If enabled, maximum hours added</text>
	</string>

	<string id="ui_mcm_fftd_ft_maprnd_minutes_min">
		<text>If enabled, minimum minutes added</text>
	</string>

	<string id="ui_mcm_fftd_ft_maprnd_minutes_max">
		<text>If enabled, maximum minutes added</text>
	</string>

	<!-- Backpack Fast Travel Options -->
	<string id="ui_mcm_fftd_bp_locmpm">
		<text>Travel within same map: minutes of game time per 100 meters</text>
	</string>

	<string id="ui_mcm_fftd_bp_mapmpm">
		<text>Travel to other maps: minutes of game time per 100 meters</text>
	</string>


	<string id="ui_mcm_fftd_bp_locrnd_enabled">
		<text>Random delay enabled for backpack travel within the same map?</text>
	</string>

	<string id="ui_mcm_fftd_bp_locrnd_hours_min">
		<text>If enabled, minimum hours added</text>
	</string>

	<string id="ui_mcm_fftd_bp_locrnd_hours_max">
		<text>If enabled, maximum hours added</text>
	</string>

	<string id="ui_mcm_fftd_bp_locrnd_minutes_min">
		<text>If enabled, minimum minutes added</text>
	</string>

	<string id="ui_mcm_fftd_bp_locrnd_minutes_max">
		<text>If enabled, maximum minutes added</text>
	</string>

	<string id="ui_mcm_fftd_bp_maprnd_enabled">
		<text>Random delay enabled for backpack travel to another map?</text>
	</string>

	<string id="ui_mcm_fftd_bp_maprnd_hours_min">
		<text>If enabled, minimum hours added</text>
	</string>

	<string id="ui_mcm_fftd_bp_maprnd_hours_max">
		<text>If enabled, maximum hours added</text>
	</string>

	<string id="ui_mcm_fftd_bp_maprnd_minutes_min">
		<text>If enabled, minimum minutes added</text>
	</string>

	<string id="ui_mcm_fftd_bp_maprnd_minutes_max">
		<text>If enabled, maximum minutes added</text>
	</string>

</string_table>