<!-- ======================================================================
	Personal Adjustable Waypoint
	Author: Catspaw (CatspawMods @ ModDB)
	Version: 1.3
	Updated: 20230516
	Merge for compatibility with my Milspec PDA addon
	https://www.moddb.com/mods/stalker-anomaly/addons/milspec-pda-for-anomaly-151-152-and-gamma
===========================================================================
	To merge Personal Adjustable Waypoint and Milspec PDA with any mod that 
	alters map_spots_relations.xml, read on.

	Step 1: add the following two includes to your copy of the file:
========================================================================-->
#include "ui\map_spots_paw.xml"
#include "ui\map_spots_milpda.xml"
<!-- ======================================================================
	If you do not do this, the game will fail and it will suck.
========================================================================-->

	<enemy_location hint="enemy" no_offline="1">
		<mini_map  spot="enemy_mini_spot"/>
	</enemy_location>

	<neutral_location hint="neutral">
		<mini_map  spot="neutral_mini_spot"/>
	</neutral_location>

	<friend_location hint="friend">
		<mini_map  spot="friend_mini_spot"/>
	</friend_location>

	<deadbody_location hint="deadbody">
		<mini_map  spot="deadbody_mini_spot"/>
	</deadbody_location>


	<enemy_mini_spot width="7" height="7" stretch="1" alignment="c" >
<!-- ======================================================================
	Step 2: find "enemy_mini_spot" in your file, and replace that line with the one above.

	Alternatively, edit your own file to make sure that enemy_mini_spot's width and height are both set to "7". Nothing will crash if this isn't done, but Milspec PDA's enemy mapspots will never appear. If that's 
	what you want, you can ignore this step.
	====================================================================-->

		<texture r="255" g="0" b="0">ui_mmap_common_actor</texture>
	</enemy_mini_spot>

	<neutral_mini_spot width="7" height="7" stretch="1" alignment="c">
		<texture r="255" g="200" b="0">ui_mmap_common_actor</texture>
	</neutral_mini_spot>

	<friend_mini_spot width="7" height="7" stretch="1" alignment="c">
		<texture r="50" g="255" b="0">ui_mmap_common_actor</texture>
	</friend_mini_spot>

	<deadbody_mini_spot width="0" height="0" stretch="1" alignment="c">
<!-- ======================================================================
	Step 2: find "deadbody_mini_spot" in your file, and replace that line with the one above.

	Alternatively, edit your own file to make sure that deadbody_mini_spot's 
	width and height are both set to "0". Nothing will crash if this isn't done, but you'll see duplicate dead body mapspots if you enable Kill Tracker.
	====================================================================-->

		<texture r="168" g="168" b="168">ui_mmap_common_actor</texture>
	</deadbody_mini_spot>

<!-- ======================================================================
	That's it! If you did everything correctly, the contents of both 
	map_spots_milpda.xml and map_spots_paw.xml should be included in your 
	copy of map_spots_relations.xml.
	====================================================================-->