<!--
**  Fair Fast Travel
**  Author: Catspaw (CatspawMods @ ModDB)
	Contents: Texture definitions. You probably shouldn't 
	mess with this unless you know what you're doing.
-->
<w>
	<file name ="ui\fft\ui_icons_fft">
		<texture id = "ui_fft_menuslide_maincfg" x="0" y="312" width="512" height="50" />

		<texture id = "ui_fft_menuslide_slider_ftravel" x="0" y="412" width="512" height="50" />

		<texture id = "ui_fft_menuslide_slider_backpack" x="0" y="362" width="512" height="50" />

		<texture id = "ui_fft_menuslide_slider_guided" x="0" y="462" width="512" height="50" />
		<texture id ="ui_mcm_fft_messagebox_transbg_gen" x="0" y="0" width="512" height="30" />		
		<texture id ="ui_mcm_fft_messagebox_transbg_head90" x="0" y="30" width="512" height="90" />		
		<texture id ="ui_mcm_fft_messagebox_transbg_head140" x="0" y="120" width="512" height="140" />		

	</file>
</w>

